id,split,group,difficulty,raw_text,normalized_text,expected_amount,predicted_amount,amount_correct,expected_type,predicted_type,type_correct,expected_category,predicted_category,category_correct,expected_wallet,predicted_wallet,wallet_correct,expected_note,predicted_note,note_correct,expected_currency,predicted_currency,currency_correct,exact_match,predicted_json
VX-SU-000010,test,expense_basic,easy,isuk tadi balanja balanja bulanan Rp400.000,isuk tadi balanja balanja bulanan 400000,400000,400000,True,expense,expense,True,Belanja,Belanja,True,,,True,balanja bulanan,balanja,True,IDR,IDR,True,True,"{""amount"": 400000, ""type"": ""expense"", ""category"": ""Belanja"", ""wallet"": null, ""note"": ""balanja"", ""currency"": ""IDR"", ""confidence"": 0.7}"
VX-SU-000020,test,expense_basic,easy,poé ieu mésér és téh sakitar dalapan rébu,poé ieu mésér és téh sakitar 8000,8000,8000,True,expense,expense,True,Makan & Minum,Makan & Minum,True,,,True,és téh,téh,True,IDR,IDR,True,True,"{""amount"": 8000, ""type"": ""expense"", ""category"": ""Makan & Minum"", ""wallet"": null, ""note"": ""téh"", ""currency"": ""IDR"", ""confidence"": 0.7}"
VX-SU-000030,test,expense_basic,easy,kamari mayar 5000 keur parkir motor,kamari mayar 5000 keur parkir motor,5000,5000,True,expense,expense,True,Transportasi,Transportasi,True,,,True,parkir motor,parkir,True,IDR,IDR,True,True,"{""amount"": 5000, ""type"": ""expense"", ""category"": ""Transportasi"", ""wallet"": null, ""note"": ""parkir"", ""currency"": ""IDR"", ""confidence"": 0.7}"
VX-SU-000040,test,expense_basic,easy,urang balanja bulanan Rp400.000,urang balanja bulanan 400000,400000,400000,True,expense,expense,True,Belanja,Belanja,True,,,True,balanja bulanan,balanja,True,IDR,IDR,True,True,"{""amount"": 400000, ""type"": ""expense"", ""category"": ""Belanja"", ""wallet"": null, ""note"": ""balanja"", ""currency"": ""IDR"", ""confidence"": 0.7}"
VX-SU-000050,test,expense_basic,easy,urang mayar langganan aplikasi sakitar tujuh puluh lima rebu,urang mayar langganan aplikasi sakitar 75000,75000,75000,True,expense,expense,True,Tagihan & Utilitas,Tagihan & Utilitas,True,,,True,langganan aplikasi,langganan,True,IDR,IDR,True,True,"{""amount"": 75000, ""type"": ""expense"", ""category"": ""Tagihan & Utilitas"", ""wallet"": null, ""note"": ""langganan"", ""currency"": ""IDR"", ""confidence"": 0.7}"
VX-SU-000060,test,expense_basic,easy,peuting tadi mayar cai sakitar 75rb,peuting tadi mayar cai sakitar 75000,75000,75000,True,expense,expense,True,Tagihan & Utilitas,Tagihan & Utilitas,True,,,True,tagihan cai,cai,True,IDR,IDR,True,True,"{""amount"": 75000, ""type"": ""expense"", ""category"": ""Tagihan & Utilitas"", ""wallet"": null, ""note"": ""cai"", ""currency"": ""IDR"", ""confidence"": 0.7}"
VX-SU-000070,test,expense_basic,easy,peuting tadi seblak Rp12.000,peuting tadi seblak 12000,12000,12000,True,expense,,False,Makan & Minum,Makan & Minum,True,,,True,seblak,seblak,True,IDR,IDR,True,False,"{""amount"": 12000, ""type"": null, ""category"": ""Makan & Minum"", ""wallet"": null, ""note"": ""seblak"", ""currency"": ""IDR"", ""confidence"": 0.7}"
VX-SU-000080,test,expense_basic,easy,poé ieu balanja dua ratus lima puluh rebu keur balanja bulanan,poé ieu balanja 250000 keur balanja bulanan,250000,250000,True,expense,expense,True,Belanja,Belanja,True,,,True,balanja bulanan,balanja,True,IDR,IDR,True,True,"{""amount"": 250000, ""type"": ""expense"", ""category"": ""Belanja"", ""wallet"": null, ""note"": ""balanja"", ""currency"": ""IDR"", ""confidence"": 0.7}"
VX-SU-000090,test,expense_basic,easy,kuring karaoke 50rb,kuring karaoke 50000,50000,50000,True,expense,,False,Hiburan,Hiburan,True,,,True,karaoke,karaoke,True,IDR,IDR,True,False,"{""amount"": 50000, ""type"": null, ""category"": ""Hiburan"", ""wallet"": null, ""note"": ""karaoke"", ""currency"": ""IDR"", ""confidence"": 0.7}"
VX-SU-000100,test,expense_basic,easy,abdi mésér hayam géprék sakitar Rp15.000,abdi mésér hayam géprék sakitar 15000,15000,15000,True,expense,expense,True,Makan & Minum,Makan & Minum,True,,,True,hayam géprék,hayam,True,IDR,IDR,True,True,"{""amount"": 15000, ""type"": ""expense"", ""category"": ""Makan & Minum"", ""wallet"": null, ""note"": ""hayam"", ""currency"": ""IDR"", ""confidence"": 0.7}"
VX-SU-000110,test,expense_basic,easy,kamari jajan sapuluh rébu keur seblak,kamari jajan 10000 keur seblak,10000,10000,True,expense,expense,True,Makan & Minum,Makan & Minum,True,,,True,seblak,seblak,True,IDR,IDR,True,True,"{""amount"": 10000, ""type"": ""expense"", ""category"": ""Makan & Minum"", ""wallet"": null, ""note"": ""seblak"", ""currency"": ""IDR"", ""confidence"": 0.7}"
VX-SU-000120,test,expense_basic,easy,kuring mésér baju sakitar 150000,kuring mésér baju sakitar 150000,150000,150000,True,expense,expense,True,Belanja,Belanja,True,,,True,baju,baju,True,IDR,IDR,True,True,"{""amount"": 150000, ""type"": ""expense"", ""category"": ""Belanja"", ""wallet"": null, ""note"": ""baju"", ""currency"": ""IDR"", ""confidence"": 0.7}"
VX-SU-000130,test,expense_basic,easy,isuk tadi karaoke Rp150.000,isuk tadi karaoke 150000,150000,150000,True,expense,,False,Hiburan,Hiburan,True,,,True,karaoke,karaoke,True,IDR,IDR,True,False,"{""amount"": 150000, ""type"": null, ""category"": ""Hiburan"", ""wallet"": null, ""note"": ""karaoke"", ""currency"": ""IDR"", ""confidence"": 0.7}"
VX-SU-000140,test,expense_basic,easy,tadi mayar 75rb keur cai,tadi mayar 75000 keur cai,75000,75000,True,expense,expense,True,Tagihan & Utilitas,Tagihan & Utilitas,True,,,True,tagihan cai,cai,True,IDR,IDR,True,True,"{""amount"": 75000, ""type"": ""expense"", ""category"": ""Tagihan & Utilitas"", ""wallet"": null, ""note"": ""cai"", ""currency"": ""IDR"", ""confidence"": 0.7}"
VX-SU-000150,test,expense_basic,easy,abdi meuli bensin sakitar saratus rébu,abdi meuli bensin sakitar 100000,100000,100000,True,expense,expense,True,Transportasi,Transportasi,True,,,True,bensin,bensin,True,IDR,IDR,True,True,"{""amount"": 100000, ""type"": ""expense"", ""category"": ""Transportasi"", ""wallet"": null, ""note"": ""bensin"", ""currency"": ""IDR"", ""confidence"": 0.7}"
VX-SU-000160,test,expense_basic,easy,kuring mayar ojék online sakitar 22000,kuring mayar ojék online sakitar 22000,22000,22000,True,expense,expense,True,Transportasi,Transportasi,True,,,True,ojék online,ojék,True,IDR,IDR,True,True,"{""amount"": 22000, ""type"": ""expense"", ""category"": ""Transportasi"", ""wallet"": null, ""note"": ""ojék"", ""currency"": ""IDR"", ""confidence"": 0.7}"
VX-SU-000170,test,expense_basic,easy,ojék online dua puluh dua rebu,ojék online 22000,22000,22000,True,expense,,False,Transportasi,Transportasi,True,,,True,ojék online,ojék,True,IDR,IDR,True,False,"{""amount"": 22000, ""type"": null, ""category"": ""Transportasi"", ""wallet"": null, ""note"": ""ojék"", ""currency"": ""IDR"", ""confidence"": 0.7}"
VX-SU-000180,test,expense_basic,easy,poé ieu meuli dua ratus lima puluh rébu keur sapatu,poé ieu meuli 250000 keur sapatu,250000,250000,True,expense,expense,True,Belanja,Belanja,True,,,True,sapatu,sapatu,True,IDR,IDR,True,True,"{""amount"": 250000, ""type"": ""expense"", ""category"": ""Belanja"", ""wallet"": null, ""note"": ""sapatu"", ""currency"": ""IDR"", ""confidence"": 0.7}"
VX-SU-000190,test,expense_basic,easy,sim kuring mésér tiket konser tilu ratus rebu,sim kuring mésér tiket konser 300000,300000,300000,True,expense,expense,True,Hiburan,Hiburan,True,,,True,tiket konser,konser,True,IDR,IDR,True,True,"{""amount"": 300000, ""type"": ""expense"", ""category"": ""Hiburan"", ""wallet"": null, ""note"": ""konser"", ""currency"": ""IDR"", ""confidence"": 0.7}"
VX-SU-000200,test,expense_basic,easy,isuk tadi meuli 20rb keur hayam géprék,isuk tadi meuli 20000 keur hayam géprék,20000,20000,True,expense,expense,True,Makan & Minum,Makan & Minum,True,,,True,hayam géprék,hayam,True,IDR,IDR,True,True,"{""amount"": 20000, ""type"": ""expense"", ""category"": ""Makan & Minum"", ""wallet"": null, ""note"": ""hayam"", ""currency"": ""IDR"", ""confidence"": 0.7}"
VX-SU-000210,test,expense_basic,easy,poé ieu meuli dua puluh rébu keur hayam géprék,poé ieu meuli 20000 keur hayam géprék,20000,20000,True,expense,expense,True,Makan & Minum,Makan & Minum,True,,,True,hayam géprék,hayam,True,IDR,IDR,True,True,"{""amount"": 20000, ""type"": ""expense"", ""category"": ""Makan & Minum"", ""wallet"": null, ""note"": ""hayam"", ""currency"": ""IDR"", ""confidence"": 0.7}"
VX-SU-000220,test,expense_basic,easy,minggu ieu meuli pulsa 25000,minggu ieu meuli pulsa 25000,25000,25000,True,expense,expense,True,Tagihan & Utilitas,Tagihan & Utilitas,True,,,True,pulsa,pulsa,True,IDR,IDR,True,True,"{""amount"": 25000, ""type"": ""expense"", ""category"": ""Tagihan & Utilitas"", ""wallet"": null, ""note"": ""pulsa"", ""currency"": ""IDR"", ""confidence"": 0.7}"
VX-SU-000230,test,expense_basic,easy,kamari mayar langganan aplikasi 50000,kamari mayar langganan aplikasi 50000,50000,50000,True,expense,expense,True,Tagihan & Utilitas,Tagihan & Utilitas,True,,,True,langganan aplikasi,langganan,True,IDR,IDR,True,True,"{""amount"": 50000, ""type"": ""expense"", ""category"": ""Tagihan & Utilitas"", ""wallet"": null, ""note"": ""langganan"", ""currency"": ""IDR"", ""confidence"": 0.7}"
VX-SU-000240,test,expense_basic,easy,isuk tadi meuli Rp50.000 keur game,isuk tadi meuli 50000 keur game,50000,50000,True,expense,expense,True,Hiburan,Hiburan,True,,,True,game,game,True,IDR,IDR,True,True,"{""amount"": 50000, ""type"": ""expense"", ""category"": ""Hiburan"", ""wallet"": null, ""note"": ""game"", ""currency"": ""IDR"", ""confidence"": 0.7}"
VX-SU-000250,test,expense_basic,easy,meuli Rp125.000 keur skincare,meuli 125000 keur skincare,125000,125000,True,expense,expense,True,Belanja,Belanja,True,,,True,skincare,skincare,True,IDR,IDR,True,True,"{""amount"": 125000, ""type"": ""expense"", ""category"": ""Belanja"", ""wallet"": null, ""note"": ""skincare"", ""currency"": ""IDR"", ""confidence"": 0.7}"
VX-SU-000260,test,expense_basic,easy,top up 150000 keur game,top up 150000 keur game,150000,150000,True,expense,transfer,False,Hiburan,Transfer,False,,,True,game,top up,False,IDR,IDR,True,False,"{""amount"": 150000, ""type"": ""transfer"", ""category"": ""Transfer"", ""wallet"": null, ""note"": ""top up"", ""currency"": ""IDR"", ""confidence"": 0.7}"
VX-SU-000270,test,expense_basic,easy,peuting tadi meuli skincare 75000,peuting tadi meuli skincare 75000,75000,75000,True,expense,expense,True,Belanja,Belanja,True,,,True,skincare,skincare,True,IDR,IDR,True,True,"{""amount"": 75000, ""type"": ""expense"", ""category"": ""Belanja"", ""wallet"": null, ""note"": ""skincare"", ""currency"": ""IDR"", ""confidence"": 0.7}"
VX-SU-000280,test,expense_basic,easy,isuk tadi mayar kuota internét sakitar 25rb,isuk tadi mayar kuota internét sakitar 25000,25000,25000,True,expense,expense,True,Tagihan & Utilitas,Tagihan & Utilitas,True,,,True,kuota internét,kuota,True,IDR,IDR,True,True,"{""amount"": 25000, ""type"": ""expense"", ""category"": ""Tagihan & Utilitas"", ""wallet"": null, ""note"": ""kuota"", ""currency"": ""IDR"", ""confidence"": 0.7}"
VX-SU-000290,test,expense_basic,easy,isuk tadi meuli sapatu 200000,isuk tadi meuli sapatu 200000,200000,200000,True,expense,expense,True,Belanja,Belanja,True,,,True,sapatu,sapatu,True,IDR,IDR,True,True,"{""amount"": 200000, ""type"": ""expense"", ""category"": ""Belanja"", ""wallet"": null, ""note"": ""sapatu"", ""currency"": ""IDR"", ""confidence"": 0.7}"
VX-SU-000300,test,expense_basic,easy,kamari ngeusian Rp20.000 keur bensin,kamari ngeusian 20000 keur bensin,20000,20000,True,expense,expense,True,Transportasi,Transportasi,True,,,True,bensin,bensin,True,IDR,IDR,True,True,"{""amount"": 20000, ""type"": ""expense"", ""category"": ""Transportasi"", ""wallet"": null, ""note"": ""bensin"", ""currency"": ""IDR"", ""confidence"": 0.7}"
VX-SU-000310,test,expense_basic,easy,tadi meuli tilu puluh rébu keur sampo,tadi meuli 30000 keur sampo,30000,30000,True,expense,expense,True,Belanja,Belanja,True,,,True,sampo,sampo,True,IDR,IDR,True,True,"{""amount"": 30000, ""type"": ""expense"", ""category"": ""Belanja"", ""wallet"": null, ""note"": ""sampo"", ""currency"": ""IDR"", ""confidence"": 0.7}"
VX-SU-000320,test,expense_basic,easy,urang mésér sapuluh rébu keur masker,urang mésér 10000 keur masker,10000,10000,True,expense,expense,True,Kesehatan,Kesehatan,True,,,True,masker,masker,True,IDR,IDR,True,True,"{""amount"": 10000, ""type"": ""expense"", ""category"": ""Kesehatan"", ""wallet"": null, ""note"": ""masker"", ""currency"": ""IDR"", ""confidence"": 0.7}"
VX-SU-000330,test,expense_basic,easy,kuring meuli sapatu 300rb,kuring meuli sapatu 300000,300000,300000,True,expense,expense,True,Belanja,Belanja,True,,,True,sapatu,sapatu,True,IDR,IDR,True,True,"{""amount"": 300000, ""type"": ""expense"", ""category"": ""Belanja"", ""wallet"": null, ""note"": ""sapatu"", ""currency"": ""IDR"", ""confidence"": 0.7}"
VX-SU-000340,test,expense_basic,easy,mésér ubar batuk sakitar dua puluh lima rébu,mésér ubar batuk sakitar 25000,25000,25000,True,expense,expense,True,Kesehatan,Kesehatan,True,,,True,ubar batuk,ubar,True,IDR,IDR,True,True,"{""amount"": 25000, ""type"": ""expense"", ""category"": ""Kesehatan"", ""wallet"": null, ""note"": ""ubar"", ""currency"": ""IDR"", ""confidence"": 0.7}"
VX-SU-000350,test,expense_basic,easy,abdi apoték 75000,abdi apoték 75000,75000,75000,True,expense,,False,Kesehatan,Kesehatan,True,,,True,apoték,apoték,True,IDR,IDR,True,False,"{""amount"": 75000, ""type"": null, ""category"": ""Kesehatan"", ""wallet"": null, ""note"": ""apoték"", ""currency"": ""IDR"", ""confidence"": 0.7}"
VX-SU-000360,test,expense_basic,easy,isuk tadi mésér sapatu sakitar Rp250.000,isuk tadi mésér sapatu sakitar 250000,250000,250000,True,expense,expense,True,Belanja,Belanja,True,,,True,sapatu,sapatu,True,IDR,IDR,True,True,"{""amount"": 250000, ""type"": ""expense"", ""category"": ""Belanja"", ""wallet"": null, ""note"": ""sapatu"", ""currency"": ""IDR"", ""confidence"": 0.7}"
VX-SU-000370,test,expense_basic,easy,abdi meuli sampo sakitar tilu puluh rébu,abdi meuli sampo sakitar 30000,30000,30000,True,expense,expense,True,Belanja,Belanja,True,,,True,sampo,sampo,True,IDR,IDR,True,True,"{""amount"": 30000, ""type"": ""expense"", ""category"": ""Belanja"", ""wallet"": null, ""note"": ""sampo"", ""currency"": ""IDR"", ""confidence"": 0.7}"
VX-SU-000380,test,expense_basic,easy,peuting tadi mayar angkot 7000,peuting tadi mayar angkot 7000,7000,7000,True,expense,expense,True,Transportasi,Transportasi,True,,,True,angkot,angkot,True,IDR,IDR,True,True,"{""amount"": 7000, ""type"": ""expense"", ""category"": ""Transportasi"", ""wallet"": null, ""note"": ""angkot"", ""currency"": ""IDR"", ""confidence"": 0.7}"
VX-SU-000390,test,expense_basic,easy,peuting tadi meuli baju tujuh puluh lima rébu,peuting tadi meuli baju 75000,75000,75000,True,expense,expense,True,Belanja,Belanja,True,,,True,baju,baju,True,IDR,IDR,True,True,"{""amount"": 75000, ""type"": ""expense"", ""category"": ""Belanja"", ""wallet"": null, ""note"": ""baju"", ""currency"": ""IDR"", ""confidence"": 0.7}"
VX-SU-000400,test,expense_basic,easy,sim kuring meuli Rp25.000 keur pulsa,sim kuring meuli 25000 keur pulsa,25000,25000,True,expense,expense,True,Tagihan & Utilitas,Tagihan & Utilitas,True,,,True,pulsa,pulsa,True,IDR,IDR,True,True,"{""amount"": 25000, ""type"": ""expense"", ""category"": ""Tagihan & Utilitas"", ""wallet"": null, ""note"": ""pulsa"", ""currency"": ""IDR"", ""confidence"": 0.7}"
VX-SU-000410,test,expense_basic,easy,urang mayar tol 15000,urang mayar tol 15000,15000,15000,True,expense,expense,True,Transportasi,Transportasi,True,,,True,tol,tol,True,IDR,IDR,True,True,"{""amount"": 15000, ""type"": ""expense"", ""category"": ""Transportasi"", ""wallet"": null, ""note"": ""tol"", ""currency"": ""IDR"", ""confidence"": 0.7}"
VX-SU-000420,test,expense_basic,easy,kamari mayar parkir motor sakitar Rp10.000,kamari mayar parkir motor sakitar 10000,10000,10000,True,expense,expense,True,Transportasi,Transportasi,True,,,True,parkir motor,parkir,True,IDR,IDR,True,True,"{""amount"": 10000, ""type"": ""expense"", ""category"": ""Transportasi"", ""wallet"": null, ""note"": ""parkir"", ""currency"": ""IDR"", ""confidence"": 0.7}"
VX-SU-000430,test,expense_basic,easy,tadi mésér skincare sakitar Rp50.000,tadi mésér skincare sakitar 50000,50000,50000,True,expense,expense,True,Belanja,Belanja,True,,,True,skincare,skincare,True,IDR,IDR,True,True,"{""amount"": 50000, ""type"": ""expense"", ""category"": ""Belanja"", ""wallet"": null, ""note"": ""skincare"", ""currency"": ""IDR"", ""confidence"": 0.7}"
VX-SU-000440,test,expense_basic,easy,poé ieu meuli pulsa saratus rébu,poé ieu meuli pulsa 100000,100000,100000,True,expense,expense,True,Tagihan & Utilitas,Tagihan & Utilitas,True,,,True,pulsa,pulsa,True,IDR,IDR,True,True,"{""amount"": 100000, ""type"": ""expense"", ""category"": ""Tagihan & Utilitas"", ""wallet"": null, ""note"": ""pulsa"", ""currency"": ""IDR"", ""confidence"": 0.7}"
VX-SU-000450,test,expense_basic,easy,abdi mésér alat tulis sakitar Rp25.000,abdi mésér alat tulis sakitar 25000,25000,25000,True,expense,expense,True,Belanja,Belanja,True,,,True,alat tulis,alat tulis,True,IDR,IDR,True,True,"{""amount"": 25000, ""type"": ""expense"", ""category"": ""Belanja"", ""wallet"": null, ""note"": ""alat tulis"", ""currency"": ""IDR"", ""confidence"": 0.7}"
VX-SU-000460,test,expense_basic,easy,parkir motor 5rb,parkir motor 5000,5000,5000,True,expense,,False,Transportasi,Transportasi,True,,,True,parkir motor,parkir,True,IDR,IDR,True,False,"{""amount"": 5000, ""type"": null, ""category"": ""Transportasi"", ""wallet"": null, ""note"": ""parkir"", ""currency"": ""IDR"", ""confidence"": 0.7}"
VX-SU-000470,test,expense_basic,easy,kamari mésér roti 12rb,kamari mésér roti 12000,12000,12000,True,expense,expense,True,Makan & Minum,Makan & Minum,True,,,True,roti,roti,True,IDR,IDR,True,True,"{""amount"": 12000, ""type"": ""expense"", ""category"": ""Makan & Minum"", ""wallet"": null, ""note"": ""roti"", ""currency"": ""IDR"", ""confidence"": 0.7}"
VX-SU-000480,test,expense_basic,easy,kuring nonton bioskop sakitar 30rb,kuring nonton bioskop sakitar 30000,30000,30000,True,expense,,False,Hiburan,Hiburan,True,,,True,bioskop,bioskop,True,IDR,IDR,True,False,"{""amount"": 30000, ""type"": null, ""category"": ""Hiburan"", ""wallet"": null, ""note"": ""bioskop"", ""currency"": ""IDR"", ""confidence"": 0.7}"
VX-SU-000490,test,expense_basic,easy,tadi meuli saratus lima puluh rébu keur game,tadi meuli 150000 keur game,150000,150000,True,expense,expense,True,Hiburan,Hiburan,True,,,True,game,game,True,IDR,IDR,True,True,"{""amount"": 150000, ""type"": ""expense"", ""category"": ""Hiburan"", ""wallet"": null, ""note"": ""game"", ""currency"": ""IDR"", ""confidence"": 0.7}"
VX-SU-000500,test,expense_basic,easy,kamari mayar tol sakitar 25000,kamari mayar tol sakitar 25000,25000,25000,True,expense,expense,True,Transportasi,Transportasi,True,,,True,tol,tol,True,IDR,IDR,True,True,"{""amount"": 25000, ""type"": ""expense"", ""category"": ""Transportasi"", ""wallet"": null, ""note"": ""tol"", ""currency"": ""IDR"", ""confidence"": 0.7}"
VX-SU-000510,test,expense_basic,easy,meuli Rp150.000 keur game,meuli 150000 keur game,150000,150000,True,expense,expense,True,Hiburan,Hiburan,True,,,True,game,game,True,IDR,IDR,True,True,"{""amount"": 150000, ""type"": ""expense"", ""category"": ""Hiburan"", ""wallet"": null, ""note"": ""game"", ""currency"": ""IDR"", ""confidence"": 0.7}"
VX-SU-000520,test,expense_basic,easy,peuting tadi mayar cai 75000,peuting tadi mayar cai 75000,75000,75000,True,expense,expense,True,Tagihan & Utilitas,Tagihan & Utilitas,True,,,True,tagihan cai,cai,True,IDR,IDR,True,True,"{""amount"": 75000, ""type"": ""expense"", ""category"": ""Tagihan & Utilitas"", ""wallet"": null, ""note"": ""cai"", ""currency"": ""IDR"", ""confidence"": 0.7}"
VX-SU-000530,test,expense_basic,easy,isuk tadi mayar 20000 keur tol,isuk tadi mayar 20000 keur tol,20000,20000,True,expense,expense,True,Transportasi,Transportasi,True,,,True,tol,tol,True,IDR,IDR,True,True,"{""amount"": 20000, ""type"": ""expense"", ""category"": ""Transportasi"", ""wallet"": null, ""note"": ""tol"", ""currency"": ""IDR"", ""confidence"": 0.7}"
VX-SU-000540,test,expense_basic,easy,abdi ngeusian saratus rébu keur bensin,abdi ngeusian 100000 keur bensin,100000,100000,True,expense,expense,True,Transportasi,Transportasi,True,,,True,bensin,bensin,True,IDR,IDR,True,True,"{""amount"": 100000, ""type"": ""expense"", ""category"": ""Transportasi"", ""wallet"": null, ""note"": ""bensin"", ""currency"": ""IDR"", ""confidence"": 0.7}"
VX-SU-000550,test,expense_basic,easy,abdi meuli cilok sakitar 12000,abdi meuli cilok sakitar 12000,12000,12000,True,expense,expense,True,Makan & Minum,Makan & Minum,True,,,True,cilok,cilok,True,IDR,IDR,True,True,"{""amount"": 12000, ""type"": ""expense"", ""category"": ""Makan & Minum"", ""wallet"": null, ""note"": ""cilok"", ""currency"": ""IDR"", ""confidence"": 0.7}"
VX-SU-000560,test,expense_basic,easy,poé ieu bioskop Rp50.000,poé ieu bioskop 50000,50000,50000,True,expense,,False,Hiburan,Hiburan,True,,,True,bioskop,bioskop,True,IDR,IDR,True,False,"{""amount"": 50000, ""type"": null, ""category"": ""Hiburan"", ""wallet"": null, ""note"": ""bioskop"", ""currency"": ""IDR"", ""confidence"": 0.7}"
VX-SU-000570,test,expense_basic,easy,tadi mayar lima puluh rebu keur tol,tadi mayar 50000 keur tol,50000,50000,True,expense,expense,True,Transportasi,Transportasi,True,,,True,tol,tol,True,IDR,IDR,True,True,"{""amount"": 50000, ""type"": ""expense"", ""category"": ""Transportasi"", ""wallet"": null, ""note"": ""tol"", ""currency"": ""IDR"", ""confidence"": 0.7}"
VX-SU-000580,test,expense_basic,easy,kamari jajan seblak sakitar 15rb,kamari jajan seblak sakitar 15000,15000,15000,True,expense,expense,True,Makan & Minum,Makan & Minum,True,,,True,seblak,seblak,True,IDR,IDR,True,True,"{""amount"": 15000, ""type"": ""expense"", ""category"": ""Makan & Minum"", ""wallet"": null, ""note"": ""seblak"", ""currency"": ""IDR"", ""confidence"": 0.7}"
VX-SU-000590,test,expense_basic,easy,urang nonton bioskop sakitar 60rb,urang nonton bioskop sakitar 60000,60000,60000,True,expense,,False,Hiburan,Hiburan,True,,,True,bioskop,bioskop,True,IDR,IDR,True,False,"{""amount"": 60000, ""type"": null, ""category"": ""Hiburan"", ""wallet"": null, ""note"": ""bioskop"", ""currency"": ""IDR"", ""confidence"": 0.7}"
VX-SU-000600,test,expense_basic,easy,poé ieu meuli 125000 keur skincare,poé ieu meuli 125000 keur skincare,125000,125000,True,expense,expense,True,Belanja,Belanja,True,,,True,skincare,skincare,True,IDR,IDR,True,True,"{""amount"": 125000, ""type"": ""expense"", ""category"": ""Belanja"", ""wallet"": null, ""note"": ""skincare"", ""currency"": ""IDR"", ""confidence"": 0.7}"
VX-SU-000610,test,expense_basic,easy,tadi apoték tujuh puluh lima rébu,tadi apoték 75000,75000,75000,True,expense,,False,Kesehatan,Kesehatan,True,,,True,apoték,apoték,True,IDR,IDR,True,False,"{""amount"": 75000, ""type"": null, ""category"": ""Kesehatan"", ""wallet"": null, ""note"": ""apoték"", ""currency"": ""IDR"", ""confidence"": 0.7}"
VX-SU-000620,test,expense_basic,easy,minggu ieu mayar tujuh puluh lima rebu keur cai,minggu ieu mayar 75000 keur cai,75000,75000,True,expense,expense,True,Tagihan & Utilitas,Tagihan & Utilitas,True,,,True,tagihan cai,cai,True,IDR,IDR,True,True,"{""amount"": 75000, ""type"": ""expense"", ""category"": ""Tagihan & Utilitas"", ""wallet"": null, ""note"": ""cai"", ""currency"": ""IDR"", ""confidence"": 0.7}"
VX-SU-000630,test,expense_basic,easy,isuk tadi meuli cilok dua belas rebu,isuk tadi meuli cilok 12000,12000,12000,True,expense,expense,True,Makan & Minum,Makan & Minum,True,,,True,cilok,cilok,True,IDR,IDR,True,True,"{""amount"": 12000, ""type"": ""expense"", ""category"": ""Makan & Minum"", ""wallet"": null, ""note"": ""cilok"", ""currency"": ""IDR"", ""confidence"": 0.7}"
VX-SU-000640,test,expense_basic,easy,poé ieu pulsa 100rb,poé ieu pulsa 100000,100000,100000,True,expense,,False,Tagihan & Utilitas,Tagihan & Utilitas,True,,,True,pulsa,pulsa,True,IDR,IDR,True,False,"{""amount"": 100000, ""type"": null, ""category"": ""Tagihan & Utilitas"", ""wallet"": null, ""note"": ""pulsa"", ""currency"": ""IDR"", ""confidence"": 0.7}"
VX-SU-000650,test,expense_basic,easy,poé ieu apoték saratus rébu,poé ieu apoték 100000,100000,100000,True,expense,,False,Kesehatan,Kesehatan,True,,,True,apoték,apoték,True,IDR,IDR,True,False,"{""amount"": 100000, ""type"": null, ""category"": ""Kesehatan"", ""wallet"": null, ""note"": ""apoték"", ""currency"": ""IDR"", ""confidence"": 0.7}"
VX-SU-000660,test,expense_basic,easy,sim kuring meuli sampo 35rb,sim kuring meuli sampo 35000,35000,35000,True,expense,expense,True,Belanja,Belanja,True,,,True,sampo,sampo,True,IDR,IDR,True,True,"{""amount"": 35000, ""type"": ""expense"", ""category"": ""Belanja"", ""wallet"": null, ""note"": ""sampo"", ""currency"": ""IDR"", ""confidence"": 0.7}"
VX-SU-000670,test,expense_basic,easy,meuli baju sakitar Rp200.000,meuli baju sakitar 200000,200000,200000,True,expense,expense,True,Belanja,Belanja,True,,,True,baju,baju,True,IDR,IDR,True,True,"{""amount"": 200000, ""type"": ""expense"", ""category"": ""Belanja"", ""wallet"": null, ""note"": ""baju"", ""currency"": ""IDR"", ""confidence"": 0.7}"
VX-SU-000680,test,expense_basic,easy,peuting tadi mésér sangu goréng 20000,peuting tadi mésér sangu goréng 20000,20000,20000,True,expense,expense,True,Makan & Minum,Makan & Minum,True,,,True,sangu goréng,sangu,True,IDR,IDR,True,True,"{""amount"": 20000, ""type"": ""expense"", ""category"": ""Makan & Minum"", ""wallet"": null, ""note"": ""sangu"", ""currency"": ""IDR"", ""confidence"": 0.7}"
VX-SU-000690,test,expense_basic,easy,kamari jajan lima rébu keur cilok,kamari jajan 5000 keur cilok,5000,5000,True,expense,expense,True,Makan & Minum,Makan & Minum,True,,,True,cilok,cilok,True,IDR,IDR,True,True,"{""amount"": 5000, ""type"": ""expense"", ""category"": ""Makan & Minum"", ""wallet"": null, ""note"": ""cilok"", ""currency"": ""IDR"", ""confidence"": 0.7}"
VX-SU-000700,test,expense_basic,easy,isuk tadi mésér hayam géprék sakitar 15rb,isuk tadi mésér hayam géprék sakitar 15000,15000,15000,True,expense,expense,True,Makan & Minum,Makan & Minum,True,,,True,hayam géprék,hayam,True,IDR,IDR,True,True,"{""amount"": 15000, ""type"": ""expense"", ""category"": ""Makan & Minum"", ""wallet"": null, ""note"": ""hayam"", ""currency"": ""IDR"", ""confidence"": 0.7}"
VX-SU-000710,test,expense_basic,easy,mésér tiket konser sakitar saratus lima puluh rébu,mésér tiket konser sakitar 150000,150000,150000,True,expense,expense,True,Hiburan,Hiburan,True,,,True,tiket konser,konser,True,IDR,IDR,True,True,"{""amount"": 150000, ""type"": ""expense"", ""category"": ""Hiburan"", ""wallet"": null, ""note"": ""konser"", ""currency"": ""IDR"", ""confidence"": 0.7}"
VX-SU-000720,test,expense_basic,easy,peuting tadi mésér tiket konser 150rb,peuting tadi mésér tiket konser 150000,150000,150000,True,expense,expense,True,Hiburan,Hiburan,True,,,True,tiket konser,konser,True,IDR,IDR,True,True,"{""amount"": 150000, ""type"": ""expense"", ""category"": ""Hiburan"", ""wallet"": null, ""note"": ""konser"", ""currency"": ""IDR"", ""confidence"": 0.7}"
VX-SU-000730,test,expense_basic,easy,isuk tadi tol Rp15.000,isuk tadi tol 15000,15000,15000,True,expense,,False,Transportasi,Transportasi,True,,,True,tol,tol,True,IDR,IDR,True,False,"{""amount"": 15000, ""type"": null, ""category"": ""Transportasi"", ""wallet"": null, ""note"": ""tol"", ""currency"": ""IDR"", ""confidence"": 0.7}"
VX-SU-000740,test,expense_basic,easy,urang mayar wifi sakitar 300rb,urang mayar wifi sakitar 300000,300000,300000,True,expense,expense,True,Tagihan & Utilitas,Tagihan & Utilitas,True,,,True,wifi,wifi,True,IDR,IDR,True,True,"{""amount"": 300000, ""type"": ""expense"", ""category"": ""Tagihan & Utilitas"", ""wallet"": null, ""note"": ""wifi"", ""currency"": ""IDR"", ""confidence"": 0.7}"
VX-SU-000750,test,expense_basic,easy,kamari meuli skincare sakitar 50000,kamari meuli skincare sakitar 50000,50000,50000,True,expense,expense,True,Belanja,Belanja,True,,,True,skincare,skincare,True,IDR,IDR,True,True,"{""amount"": 50000, ""type"": ""expense"", ""category"": ""Belanja"", ""wallet"": null, ""note"": ""skincare"", ""currency"": ""IDR"", ""confidence"": 0.7}"
VX-SU-000760,test,expense_basic,easy,masker tilu puluh rebu,masker 30000,30000,30000,True,expense,,False,Kesehatan,Kesehatan,True,,,True,masker,masker,True,IDR,IDR,True,False,"{""amount"": 30000, ""type"": null, ""category"": ""Kesehatan"", ""wallet"": null, ""note"": ""masker"", ""currency"": ""IDR"", ""confidence"": 0.7}"
VX-SU-000770,test,expense_basic,easy,sim kuring meuli Rp15.000 keur sabun,sim kuring meuli 15000 keur sabun,15000,15000,True,expense,expense,True,Belanja,Belanja,True,,,True,sabun,sabun,True,IDR,IDR,True,True,"{""amount"": 15000, ""type"": ""expense"", ""category"": ""Belanja"", ""wallet"": null, ""note"": ""sabun"", ""currency"": ""IDR"", ""confidence"": 0.7}"
VX-SU-000780,test,expense_basic,easy,poé ieu meuli pulsa 50rb,poé ieu meuli pulsa 50000,50000,50000,True,expense,expense,True,Tagihan & Utilitas,Tagihan & Utilitas,True,,,True,pulsa,pulsa,True,IDR,IDR,True,True,"{""amount"": 50000, ""type"": ""expense"", ""category"": ""Tagihan & Utilitas"", ""wallet"": null, ""note"": ""pulsa"", ""currency"": ""IDR"", ""confidence"": 0.7}"
VX-SU-000790,test,expense_basic,easy,isuk tadi nonton Rp60.000 keur bioskop,isuk tadi nonton 60000 keur bioskop,60000,60000,True,expense,,False,Hiburan,Hiburan,True,,,True,bioskop,bioskop,True,IDR,IDR,True,False,"{""amount"": 60000, ""type"": null, ""category"": ""Hiburan"", ""wallet"": null, ""note"": ""bioskop"", ""currency"": ""IDR"", ""confidence"": 0.7}"
VX-SU-000800,test,expense_basic,easy,kuring tiket konser 150000,kuring tiket konser 150000,150000,150000,True,expense,,False,Hiburan,Hiburan,True,,,True,tiket konser,konser,True,IDR,IDR,True,False,"{""amount"": 150000, ""type"": null, ""category"": ""Hiburan"", ""wallet"": null, ""note"": ""konser"", ""currency"": ""IDR"", ""confidence"": 0.7}"
VX-SU-000810,test,expense_basic,easy,tadi mayar angkot 5000,tadi mayar angkot 5000,5000,5000,True,expense,expense,True,Transportasi,Transportasi,True,,,True,angkot,angkot,True,IDR,IDR,True,True,"{""amount"": 5000, ""type"": ""expense"", ""category"": ""Transportasi"", ""wallet"": null, ""note"": ""angkot"", ""currency"": ""IDR"", ""confidence"": 0.7}"
VX-SU-000820,test,expense_basic,easy,urang mésér tiket konser Rp250.000,urang mésér tiket konser 250000,250000,250000,True,expense,expense,True,Hiburan,Hiburan,True,,,True,tiket konser,konser,True,IDR,IDR,True,True,"{""amount"": 250000, ""type"": ""expense"", ""category"": ""Hiburan"", ""wallet"": null, ""note"": ""konser"", ""currency"": ""IDR"", ""confidence"": 0.7}"
VX-SU-000830,test,expense_basic,easy,kamari sabun 15rb,kamari sabun 15000,15000,15000,True,expense,,False,Belanja,Belanja,True,,,True,sabun,sabun,True,IDR,IDR,True,False,"{""amount"": 15000, ""type"": null, ""category"": ""Belanja"", ""wallet"": null, ""note"": ""sabun"", ""currency"": ""IDR"", ""confidence"": 0.7}"
VX-SU-000840,test,expense_basic,easy,poé ieu mésér Rp15.000 keur masker,poé ieu mésér 15000 keur masker,15000,15000,True,expense,expense,True,Kesehatan,Kesehatan,True,,,True,masker,masker,True,IDR,IDR,True,True,"{""amount"": 15000, ""type"": ""expense"", ""category"": ""Kesehatan"", ""wallet"": null, ""note"": ""masker"", ""currency"": ""IDR"", ""confidence"": 0.7}"
VX-SU-000850,test,expense_basic,easy,minggu ieu mayar tujuh puluh lima rébu keur karaoke,minggu ieu mayar 75000 keur karaoke,75000,75000,True,expense,expense,True,Hiburan,Hiburan,True,,,True,karaoke,karaoke,True,IDR,IDR,True,True,"{""amount"": 75000, ""type"": ""expense"", ""category"": ""Hiburan"", ""wallet"": null, ""note"": ""karaoke"", ""currency"": ""IDR"", ""confidence"": 0.7}"
VX-SU-000860,test,expense_basic,easy,sim kuring mayar 2000 keur parkir motor,sim kuring mayar 2000 keur parkir motor,2000,2000,True,expense,expense,True,Transportasi,Transportasi,True,,,True,parkir motor,parkir,True,IDR,IDR,True,True,"{""amount"": 2000, ""type"": ""expense"", ""category"": ""Transportasi"", ""wallet"": null, ""note"": ""parkir"", ""currency"": ""IDR"", ""confidence"": 0.7}"
VX-SU-000870,test,expense_basic,easy,kamari mésér alat tulis sakitar 25rb,kamari mésér alat tulis sakitar 25000,25000,25000,True,expense,expense,True,Belanja,Belanja,True,,,True,alat tulis,alat tulis,True,IDR,IDR,True,True,"{""amount"": 25000, ""type"": ""expense"", ""category"": ""Belanja"", ""wallet"": null, ""note"": ""alat tulis"", ""currency"": ""IDR"", ""confidence"": 0.7}"
VX-SU-000880,test,expense_basic,easy,urang mayar langganan aplikasi 100rb,urang mayar langganan aplikasi 100000,100000,100000,True,expense,expense,True,Tagihan & Utilitas,Tagihan & Utilitas,True,,,True,langganan aplikasi,langganan,True,IDR,IDR,True,True,"{""amount"": 100000, ""type"": ""expense"", ""category"": ""Tagihan & Utilitas"", ""wallet"": null, ""note"": ""langganan"", ""currency"": ""IDR"", ""confidence"": 0.7}"
VX-SU-000890,test,expense_basic,easy,sim kuring mayar netflix sakitar 65rb,sim kuring mayar netflix sakitar 65000,65000,65000,True,expense,expense,True,Hiburan,Hiburan,True,,,True,netflix,netflix,True,IDR,IDR,True,True,"{""amount"": 65000, ""type"": ""expense"", ""category"": ""Hiburan"", ""wallet"": null, ""note"": ""netflix"", ""currency"": ""IDR"", ""confidence"": 0.7}"
VX-SU-000900,test,expense_basic,easy,isuk tadi mayar listrik Rp150.000,isuk tadi mayar listrik 150000,150000,150000,True,expense,expense,True,Tagihan & Utilitas,Tagihan & Utilitas,True,,,True,listrik,listrik,True,IDR,IDR,True,True,"{""amount"": 150000, ""type"": ""expense"", ""category"": ""Tagihan & Utilitas"", ""wallet"": null, ""note"": ""listrik"", ""currency"": ""IDR"", ""confidence"": 0.7}"
VX-SU-000910,test,expense_basic,easy,minggu ieu dahar siang opat puluh rebu,minggu ieu dahar siang 40000,40000,40000,True,expense,,False,Makan & Minum,Makan & Minum,True,,,True,dahar siang,dahar,True,IDR,IDR,True,False,"{""amount"": 40000, ""type"": null, ""category"": ""Makan & Minum"", ""wallet"": null, ""note"": ""dahar"", ""currency"": ""IDR"", ""confidence"": 0.7}"
VX-SU-000920,test,expense_basic,easy,langganan aplikasi 50rb,langganan aplikasi 50000,50000,50000,True,expense,,False,Tagihan & Utilitas,Tagihan & Utilitas,True,,,True,langganan aplikasi,langganan,True,IDR,IDR,True,False,"{""amount"": 50000, ""type"": null, ""category"": ""Tagihan & Utilitas"", ""wallet"": null, ""note"": ""langganan"", ""currency"": ""IDR"", ""confidence"": 0.7}"
VX-SU-000930,test,expense_basic,easy,abdi mayar sapuluh rébu keur angkot,abdi mayar 10000 keur angkot,10000,10000,True,expense,expense,True,Transportasi,Transportasi,True,,,True,angkot,angkot,True,IDR,IDR,True,True,"{""amount"": 10000, ""type"": ""expense"", ""category"": ""Transportasi"", ""wallet"": null, ""note"": ""angkot"", ""currency"": ""IDR"", ""confidence"": 0.7}"
VX-SU-000940,test,expense_basic,easy,abdi jajan 12rb keur kopi,abdi jajan 12000 keur kopi,12000,12000,True,expense,expense,True,Makan & Minum,Makan & Minum,True,,,True,kopi,kopi,True,IDR,IDR,True,True,"{""amount"": 12000, ""type"": ""expense"", ""category"": ""Makan & Minum"", ""wallet"": null, ""note"": ""kopi"", ""currency"": ""IDR"", ""confidence"": 0.7}"
VX-SU-000950,test,expense_basic,easy,urang roti sapuluh rebu,urang roti 10000,10000,10000,True,expense,,False,Makan & Minum,Makan & Minum,True,,,True,roti,roti,True,IDR,IDR,True,False,"{""amount"": 10000, ""type"": null, ""category"": ""Makan & Minum"", ""wallet"": null, ""note"": ""roti"", ""currency"": ""IDR"", ""confidence"": 0.7}"
VX-SU-000960,test,expense_basic,easy,abdi mayar 50000 keur cai,abdi mayar 50000 keur cai,50000,50000,True,expense,expense,True,Tagihan & Utilitas,Tagihan & Utilitas,True,,,True,tagihan cai,cai,True,IDR,IDR,True,True,"{""amount"": 50000, ""type"": ""expense"", ""category"": ""Tagihan & Utilitas"", ""wallet"": null, ""note"": ""cai"", ""currency"": ""IDR"", ""confidence"": 0.7}"
VX-SU-000970,test,expense_basic,easy,urang karaoke tujuh puluh lima rebu deui,urang karaoke 75000 deui,75000,75000,True,expense,,False,Hiburan,Hiburan,True,,,True,karaoke,karaoke,True,IDR,IDR,True,False,"{""amount"": 75000, ""type"": null, ""category"": ""Hiburan"", ""wallet"": null, ""note"": ""karaoke"", ""currency"": ""IDR"", ""confidence"": 0.7}"
VX-SU-000980,test,expense_basic,easy,kamari meuli Rp250.000 keur sapatu,kamari meuli 250000 keur sapatu,250000,250000,True,expense,expense,True,Belanja,Belanja,True,,,True,sapatu,sapatu,True,IDR,IDR,True,True,"{""amount"": 250000, ""type"": ""expense"", ""category"": ""Belanja"", ""wallet"": null, ""note"": ""sapatu"", ""currency"": ""IDR"", ""confidence"": 0.7}"
VX-SU-000990,test,expense_basic,easy,tadi mésér 18rb keur baso,tadi mésér 18000 keur baso,18000,18000,True,expense,expense,True,Makan & Minum,Makan & Minum,True,,,True,baso,baso,True,IDR,IDR,True,True,"{""amount"": 18000, ""type"": ""expense"", ""category"": ""Makan & Minum"", ""wallet"": null, ""note"": ""baso"", ""currency"": ""IDR"", ""confidence"": 0.7}"
VX-SU-001000,test,expense_basic,easy,tadi bensin tilu puluh rebu,tadi bensin 30000,30000,30000,True,expense,,False,Transportasi,Transportasi,True,,,True,bensin,bensin,True,IDR,IDR,True,False,"{""amount"": 30000, ""type"": null, ""category"": ""Transportasi"", ""wallet"": null, ""note"": ""bensin"", ""currency"": ""IDR"", ""confidence"": 0.7}"
VX-SU-001010,test,expense_basic,easy,abdi mayar dahar siang sakitar 45000,abdi mayar dahar siang sakitar 45000,45000,45000,True,expense,expense,True,Makan & Minum,Makan & Minum,True,,,True,dahar siang,dahar,True,IDR,IDR,True,True,"{""amount"": 45000, ""type"": ""expense"", ""category"": ""Makan & Minum"", ""wallet"": null, ""note"": ""dahar"", ""currency"": ""IDR"", ""confidence"": 0.7}"
VX-SU-001020,test,expense_basic,easy,urang meuli bensin sakitar 20rb,urang meuli bensin sakitar 20000,20000,20000,True,expense,expense,True,Transportasi,Transportasi,True,,,True,bensin,bensin,True,IDR,IDR,True,True,"{""amount"": 20000, ""type"": ""expense"", ""category"": ""Transportasi"", ""wallet"": null, ""note"": ""bensin"", ""currency"": ""IDR"", ""confidence"": 0.7}"
VX-SU-001030,test,expense_basic,easy,urang mayar 300000 keur balanja bulanan,urang mayar 300000 keur balanja bulanan,300000,300000,True,expense,expense,True,Belanja,Belanja,True,,,True,balanja bulanan,balanja,True,IDR,IDR,True,True,"{""amount"": 300000, ""type"": ""expense"", ""category"": ""Belanja"", ""wallet"": null, ""note"": ""balanja"", ""currency"": ""IDR"", ""confidence"": 0.7}"
VX-SU-001040,test,expense_basic,easy,poé ieu mayar tol sakitar Rp25.000,poé ieu mayar tol sakitar 25000,25000,25000,True,expense,expense,True,Transportasi,Transportasi,True,,,True,tol,tol,True,IDR,IDR,True,True,"{""amount"": 25000, ""type"": ""expense"", ""category"": ""Transportasi"", ""wallet"": null, ""note"": ""tol"", ""currency"": ""IDR"", ""confidence"": 0.7}"
VX-SU-001050,test,expense_basic,easy,minggu ieu cai 75000,minggu ieu cai 75000,75000,75000,True,expense,,False,Tagihan & Utilitas,Tagihan & Utilitas,True,,,True,tagihan cai,cai,True,IDR,IDR,True,False,"{""amount"": 75000, ""type"": null, ""category"": ""Tagihan & Utilitas"", ""wallet"": null, ""note"": ""cai"", ""currency"": ""IDR"", ""confidence"": 0.7}"
VX-SU-001060,test,expense_basic,easy,kamari mayar parkir motor sakitar 3rb,kamari mayar parkir motor sakitar 3000,3000,3000,True,expense,expense,True,Transportasi,Transportasi,True,,,True,parkir motor,parkir,True,IDR,IDR,True,True,"{""amount"": 3000, ""type"": ""expense"", ""category"": ""Transportasi"", ""wallet"": null, ""note"": ""parkir"", ""currency"": ""IDR"", ""confidence"": 0.7}"
VX-SU-001070,test,expense_basic,easy,urang mésér dahar siang opat puluh rebu,urang mésér dahar siang 40000,40000,40000,True,expense,expense,True,Makan & Minum,Makan & Minum,True,,,True,dahar siang,dahar,True,IDR,IDR,True,True,"{""amount"": 40000, ""type"": ""expense"", ""category"": ""Makan & Minum"", ""wallet"": null, ""note"": ""dahar"", ""currency"": ""IDR"", ""confidence"": 0.7}"
VX-SU-001080,test,expense_basic,easy,sim kuring vitamin 50000,sim kuring vitamin 50000,50000,50000,True,expense,,False,Kesehatan,Kesehatan,True,,,True,vitamin,vitamin,True,IDR,IDR,True,False,"{""amount"": 50000, ""type"": null, ""category"": ""Kesehatan"", ""wallet"": null, ""note"": ""vitamin"", ""currency"": ""IDR"", ""confidence"": 0.7}"
VX-SU-001090,test,expense_basic,easy,abdi meuli és téh lima rébu,abdi meuli és téh 5000,5000,5000,True,expense,expense,True,Makan & Minum,Makan & Minum,True,,,True,és téh,téh,True,IDR,IDR,True,True,"{""amount"": 5000, ""type"": ""expense"", ""category"": ""Makan & Minum"", ""wallet"": null, ""note"": ""téh"", ""currency"": ""IDR"", ""confidence"": 0.7}"
VX-SU-001100,test,expense_basic,easy,abdi meuli masker lima belas rébu,abdi meuli masker 15000,15000,15000,True,expense,expense,True,Kesehatan,Kesehatan,True,,,True,masker,masker,True,IDR,IDR,True,True,"{""amount"": 15000, ""type"": ""expense"", ""category"": ""Kesehatan"", ""wallet"": null, ""note"": ""masker"", ""currency"": ""IDR"", ""confidence"": 0.7}"
VX-SU-001110,test,expense_basic,easy,peuting tadi mayar ojék online 22000,peuting tadi mayar ojék online 22000,22000,22000,True,expense,expense,True,Transportasi,Transportasi,True,,,True,ojék online,ojék,True,IDR,IDR,True,True,"{""amount"": 22000, ""type"": ""expense"", ""category"": ""Transportasi"", ""wallet"": null, ""note"": ""ojék"", ""currency"": ""IDR"", ""confidence"": 0.7}"
VX-SU-001120,test,expense_basic,easy,balanja balanja bulanan sakitar 200rb,balanja balanja bulanan sakitar 200000,200000,200000,True,expense,expense,True,Belanja,Belanja,True,,,True,balanja bulanan,balanja,True,IDR,IDR,True,True,"{""amount"": 200000, ""type"": ""expense"", ""category"": ""Belanja"", ""wallet"": null, ""note"": ""balanja"", ""currency"": ""IDR"", ""confidence"": 0.7}"
VX-SU-001130,test,expense_basic,easy,minggu ieu mayar listrik sakitar 50rb,minggu ieu mayar listrik sakitar 50000,50000,50000,True,expense,expense,True,Tagihan & Utilitas,Tagihan & Utilitas,True,,,True,listrik,listrik,True,IDR,IDR,True,True,"{""amount"": 50000, ""type"": ""expense"", ""category"": ""Tagihan & Utilitas"", ""wallet"": null, ""note"": ""listrik"", ""currency"": ""IDR"", ""confidence"": 0.7}"
VX-SU-001140,test,expense_basic,easy,kamari mésér ubar batuk 25rb,kamari mésér ubar batuk 25000,25000,25000,True,expense,expense,True,Kesehatan,Kesehatan,True,,,True,ubar batuk,ubar,True,IDR,IDR,True,True,"{""amount"": 25000, ""type"": ""expense"", ""category"": ""Kesehatan"", ""wallet"": null, ""note"": ""ubar"", ""currency"": ""IDR"", ""confidence"": 0.7}"
VX-SU-001150,test,expense_basic,easy,minggu ieu mayar tol Rp50.000,minggu ieu mayar tol 50000,50000,50000,True,expense,expense,True,Transportasi,Transportasi,True,,,True,tol,tol,True,IDR,IDR,True,True,"{""amount"": 50000, ""type"": ""expense"", ""category"": ""Transportasi"", ""wallet"": null, ""note"": ""tol"", ""currency"": ""IDR"", ""confidence"": 0.7}"
VX-SU-001160,test,expense_basic,easy,sim kuring wifi 150000,sim kuring wifi 150000,150000,150000,True,expense,,False,Tagihan & Utilitas,Tagihan & Utilitas,True,,,True,wifi,wifi,True,IDR,IDR,True,False,"{""amount"": 150000, ""type"": null, ""category"": ""Tagihan & Utilitas"", ""wallet"": null, ""note"": ""wifi"", ""currency"": ""IDR"", ""confidence"": 0.7}"
VX-SU-001170,test,expense_basic,easy,kuring mayar parkir motor 10000,kuring mayar parkir motor 10000,10000,10000,True,expense,expense,True,Transportasi,Transportasi,True,,,True,parkir motor,parkir,True,IDR,IDR,True,True,"{""amount"": 10000, ""type"": ""expense"", ""category"": ""Transportasi"", ""wallet"": null, ""note"": ""parkir"", ""currency"": ""IDR"", ""confidence"": 0.7}"
VX-SU-001180,test,expense_basic,easy,abdi mayar 100rb keur langganan aplikasi,abdi mayar 100000 keur langganan aplikasi,100000,100000,True,expense,expense,True,Tagihan & Utilitas,Tagihan & Utilitas,True,,,True,langganan aplikasi,langganan,True,IDR,IDR,True,True,"{""amount"": 100000, ""type"": ""expense"", ""category"": ""Tagihan & Utilitas"", ""wallet"": null, ""note"": ""langganan"", ""currency"": ""IDR"", ""confidence"": 0.7}"
VX-SU-001190,test,expense_basic,easy,tadi cai 30000,tadi cai 30000,30000,30000,True,expense,,False,Tagihan & Utilitas,Tagihan & Utilitas,True,,,True,tagihan cai,cai,True,IDR,IDR,True,False,"{""amount"": 30000, ""type"": null, ""category"": ""Tagihan & Utilitas"", ""wallet"": null, ""note"": ""cai"", ""currency"": ""IDR"", ""confidence"": 0.7}"
VX-SU-001200,test,expense_basic,easy,abdi mayar ojék online sakitar dua puluh dua rébu,abdi mayar ojék online sakitar 22000,22000,22000,True,expense,expense,True,Transportasi,Transportasi,True,,,True,ojék online,ojék,True,IDR,IDR,True,True,"{""amount"": 22000, ""type"": ""expense"", ""category"": ""Transportasi"", ""wallet"": null, ""note"": ""ojék"", ""currency"": ""IDR"", ""confidence"": 0.7}"
VX-SU-001210,test,expense_basic,easy,poé ieu tol dua puluh lima rebu,poé ieu tol 25000,25000,25000,True,expense,,False,Transportasi,Transportasi,True,,,True,tol,tol,True,IDR,IDR,True,False,"{""amount"": 25000, ""type"": null, ""category"": ""Transportasi"", ""wallet"": null, ""note"": ""tol"", ""currency"": ""IDR"", ""confidence"": 0.7}"
VX-SU-001220,test,expense_basic,easy,kamari apoték Rp75.000,kamari apoték 75000,75000,75000,True,expense,,False,Kesehatan,Kesehatan,True,,,True,apoték,apoték,True,IDR,IDR,True,False,"{""amount"": 75000, ""type"": null, ""category"": ""Kesehatan"", ""wallet"": null, ""note"": ""apoték"", ""currency"": ""IDR"", ""confidence"": 0.7}"
VX-SU-001230,test,expense_basic,easy,urang meuli skincare lima puluh rébu,urang meuli skincare 50000,50000,50000,True,expense,expense,True,Belanja,Belanja,True,,,True,skincare,skincare,True,IDR,IDR,True,True,"{""amount"": 50000, ""type"": ""expense"", ""category"": ""Belanja"", ""wallet"": null, ""note"": ""skincare"", ""currency"": ""IDR"", ""confidence"": 0.7}"
VX-SU-001240,test,expense_basic,easy,mésér tilu puluh rebu keur sampo,mésér 30000 keur sampo,30000,30000,True,expense,expense,True,Belanja,Belanja,True,,,True,sampo,sampo,True,IDR,IDR,True,True,"{""amount"": 30000, ""type"": ""expense"", ""category"": ""Belanja"", ""wallet"": null, ""note"": ""sampo"", ""currency"": ""IDR"", ""confidence"": 0.7}"
VX-SU-001250,test,expense_basic,easy,peuting tadi wifi tilu ratus rebu,peuting tadi wifi 300000,300000,300000,True,expense,,False,Tagihan & Utilitas,Tagihan & Utilitas,True,,,True,wifi,wifi,True,IDR,IDR,True,False,"{""amount"": 300000, ""type"": null, ""category"": ""Tagihan & Utilitas"", ""wallet"": null, ""note"": ""wifi"", ""currency"": ""IDR"", ""confidence"": 0.7}"
VX-SU-001260,test,expense_basic,easy,kamari mayar ojék online sakitar Rp12.000,kamari mayar ojék online sakitar 12000,12000,12000,True,expense,expense,True,Transportasi,Transportasi,True,,,True,ojék online,ojék,True,IDR,IDR,True,True,"{""amount"": 12000, ""type"": ""expense"", ""category"": ""Transportasi"", ""wallet"": null, ""note"": ""ojék"", ""currency"": ""IDR"", ""confidence"": 0.7}"
VX-SU-001270,test,expense_basic,easy,poé ieu tiket konser 250rb,poé ieu tiket konser 250000,250000,250000,True,expense,,False,Hiburan,Hiburan,True,,,True,tiket konser,konser,True,IDR,IDR,True,False,"{""amount"": 250000, ""type"": null, ""category"": ""Hiburan"", ""wallet"": null, ""note"": ""konser"", ""currency"": ""IDR"", ""confidence"": 0.7}"
VX-SU-001280,test,expense_basic,easy,urang meuli cilok Rp5.000,urang meuli cilok 5000,5000,5000,True,expense,expense,True,Makan & Minum,Makan & Minum,True,,,True,cilok,cilok,True,IDR,IDR,True,True,"{""amount"": 5000, ""type"": ""expense"", ""category"": ""Makan & Minum"", ""wallet"": null, ""note"": ""cilok"", ""currency"": ""IDR"", ""confidence"": 0.7}"
VX-SU-001290,test,expense_basic,easy,minggu ieu mayar bioskop 60rb,minggu ieu mayar bioskop 60000,60000,60000,True,expense,expense,True,Hiburan,Hiburan,True,,,True,bioskop,bioskop,True,IDR,IDR,True,True,"{""amount"": 60000, ""type"": ""expense"", ""category"": ""Hiburan"", ""wallet"": null, ""note"": ""bioskop"", ""currency"": ""IDR"", ""confidence"": 0.7}"
VX-SU-001300,test,expense_basic,easy,isuk tadi mayar cai sakitar saratus rébu,isuk tadi mayar cai sakitar 100000,100000,100000,True,expense,expense,True,Tagihan & Utilitas,Tagihan & Utilitas,True,,,True,tagihan cai,cai,True,IDR,IDR,True,True,"{""amount"": 100000, ""type"": ""expense"", ""category"": ""Tagihan & Utilitas"", ""wallet"": null, ""note"": ""cai"", ""currency"": ""IDR"", ""confidence"": 0.7}"
VX-SU-001310,test,expense_basic,easy,peuting tadi langganan aplikasi 50rb,peuting tadi langganan aplikasi 50000,50000,50000,True,expense,,False,Tagihan & Utilitas,Tagihan & Utilitas,True,,,True,langganan aplikasi,langganan,True,IDR,IDR,True,False,"{""amount"": 50000, ""type"": null, ""category"": ""Tagihan & Utilitas"", ""wallet"": null, ""note"": ""langganan"", ""currency"": ""IDR"", ""confidence"": 0.7}"
VX-SU-001320,test,expense_basic,easy,kamari mayar 250rb keur wifi,kamari mayar 250000 keur wifi,250000,250000,True,expense,expense,True,Tagihan & Utilitas,Tagihan & Utilitas,True,,,True,wifi,wifi,True,IDR,IDR,True,True,"{""amount"": 250000, ""type"": ""expense"", ""category"": ""Tagihan & Utilitas"", ""wallet"": null, ""note"": ""wifi"", ""currency"": ""IDR"", ""confidence"": 0.7}"
VX-SU-001330,test,expense_basic,easy,mayar parkir motor sakitar tilu rébu,mayar parkir motor sakitar 3000,3000,3000,True,expense,expense,True,Transportasi,Transportasi,True,,,True,parkir motor,parkir,True,IDR,IDR,True,True,"{""amount"": 3000, ""type"": ""expense"", ""category"": ""Transportasi"", ""wallet"": null, ""note"": ""parkir"", ""currency"": ""IDR"", ""confidence"": 0.7}"
VX-SU-001340,test,expense_basic,easy,kuring nonton Rp60.000 keur bioskop,kuring nonton 60000 keur bioskop,60000,60000,True,expense,,False,Hiburan,Hiburan,True,,,True,bioskop,bioskop,True,IDR,IDR,True,False,"{""amount"": 60000, ""type"": null, ""category"": ""Hiburan"", ""wallet"": null, ""note"": ""bioskop"", ""currency"": ""IDR"", ""confidence"": 0.7}"
VX-SU-001350,test,expense_basic,easy,poé ieu mayar Rp25.000 keur tol,poé ieu mayar 25000 keur tol,25000,25000,True,expense,expense,True,Transportasi,Transportasi,True,,,True,tol,tol,True,IDR,IDR,True,True,"{""amount"": 25000, ""type"": ""expense"", ""category"": ""Transportasi"", ""wallet"": null, ""note"": ""tol"", ""currency"": ""IDR"", ""confidence"": 0.7}"
VX-SU-001360,test,expense_basic,easy,sim kuring hayam géprék dua puluh rébu,sim kuring hayam géprék 20000,20000,20000,True,expense,,False,Makan & Minum,Makan & Minum,True,,,True,hayam géprék,hayam,True,IDR,IDR,True,False,"{""amount"": 20000, ""type"": null, ""category"": ""Makan & Minum"", ""wallet"": null, ""note"": ""hayam"", ""currency"": ""IDR"", ""confidence"": 0.7}"
VX-SU-001370,test,expense_basic,easy,sim kuring mayar 7rb keur parkir motor,sim kuring mayar 7000 keur parkir motor,7000,7000,True,expense,expense,True,Transportasi,Transportasi,True,,,True,parkir motor,parkir,True,IDR,IDR,True,True,"{""amount"": 7000, ""type"": ""expense"", ""category"": ""Transportasi"", ""wallet"": null, ""note"": ""parkir"", ""currency"": ""IDR"", ""confidence"": 0.7}"
VX-SU-001380,test,expense_basic,easy,isuk tadi mésér saratus rébu keur skincare,isuk tadi mésér 100000 keur skincare,100000,100000,True,expense,expense,True,Belanja,Belanja,True,,,True,skincare,skincare,True,IDR,IDR,True,True,"{""amount"": 100000, ""type"": ""expense"", ""category"": ""Belanja"", ""wallet"": null, ""note"": ""skincare"", ""currency"": ""IDR"", ""confidence"": 0.7}"
VX-SU-001390,test,expense_basic,easy,peuting tadi mésér vitamin sakitar Rp30.000,peuting tadi mésér vitamin sakitar 30000,30000,30000,True,expense,expense,True,Kesehatan,Kesehatan,True,,,True,vitamin,vitamin,True,IDR,IDR,True,True,"{""amount"": 30000, ""type"": ""expense"", ""category"": ""Kesehatan"", ""wallet"": null, ""note"": ""vitamin"", ""currency"": ""IDR"", ""confidence"": 0.7}"
VX-SU-001400,test,expense_basic,easy,urang mayar apoték saratus rébu,urang mayar apoték 100000,100000,100000,True,expense,expense,True,Kesehatan,Kesehatan,True,,,True,apoték,apoték,True,IDR,IDR,True,True,"{""amount"": 100000, ""type"": ""expense"", ""category"": ""Kesehatan"", ""wallet"": null, ""note"": ""apoték"", ""currency"": ""IDR"", ""confidence"": 0.7}"
VX-SU-001410,test,expense_basic,easy,kamari mayar netflix sakitar genep puluh lima rebu,kamari mayar netflix sakitar 65000,65000,65000,True,expense,expense,True,Hiburan,Hiburan,True,,,True,netflix,netflix,True,IDR,IDR,True,True,"{""amount"": 65000, ""type"": ""expense"", ""category"": ""Hiburan"", ""wallet"": null, ""note"": ""netflix"", ""currency"": ""IDR"", ""confidence"": 0.7}"
VX-SU-001420,test,expense_basic,easy,kuring mésér Rp250.000 keur sapatu,kuring mésér 250000 keur sapatu,250000,250000,True,expense,expense,True,Belanja,Belanja,True,,,True,sapatu,sapatu,True,IDR,IDR,True,True,"{""amount"": 250000, ""type"": ""expense"", ""category"": ""Belanja"", ""wallet"": null, ""note"": ""sapatu"", ""currency"": ""IDR"", ""confidence"": 0.7}"
VX-SU-001430,test,expense_basic,easy,urang top up game sakitar saratus rebu,urang top up game sakitar 100000,100000,100000,True,expense,transfer,False,Hiburan,Transfer,False,,,True,game,top up,False,IDR,IDR,True,False,"{""amount"": 100000, ""type"": ""transfer"", ""category"": ""Transfer"", ""wallet"": null, ""note"": ""top up"", ""currency"": ""IDR"", ""confidence"": 0.7}"
VX-SU-001440,test,expense_basic,easy,kuring meuli game Rp50.000,kuring meuli game 50000,50000,50000,True,expense,expense,True,Hiburan,Hiburan,True,,,True,game,game,True,IDR,IDR,True,True,"{""amount"": 50000, ""type"": ""expense"", ""category"": ""Hiburan"", ""wallet"": null, ""note"": ""game"", ""currency"": ""IDR"", ""confidence"": 0.7}"
VX-SU-001450,test,expense_basic,easy,meuli bensin dua puluh rébu,meuli bensin 20000,20000,20000,True,expense,expense,True,Transportasi,Transportasi,True,,,True,bensin,bensin,True,IDR,IDR,True,True,"{""amount"": 20000, ""type"": ""expense"", ""category"": ""Transportasi"", ""wallet"": null, ""note"": ""bensin"", ""currency"": ""IDR"", ""confidence"": 0.7}"
VX-SU-001460,test,expense_basic,easy,isuk tadi balanja opat ratus rébu keur balanja bulanan,isuk tadi balanja 400000 keur balanja bulanan,400000,400000,True,expense,expense,True,Belanja,Belanja,True,,,True,balanja bulanan,balanja,True,IDR,IDR,True,True,"{""amount"": 400000, ""type"": ""expense"", ""category"": ""Belanja"", ""wallet"": null, ""note"": ""balanja"", ""currency"": ""IDR"", ""confidence"": 0.7}"
VX-SU-001470,test,expense_basic,easy,peuting tadi meuli és téh sakitar 7rb,peuting tadi meuli és téh sakitar 7000,7000,7000,True,expense,expense,True,Makan & Minum,Makan & Minum,True,,,True,és téh,téh,True,IDR,IDR,True,True,"{""amount"": 7000, ""type"": ""expense"", ""category"": ""Makan & Minum"", ""wallet"": null, ""note"": ""téh"", ""currency"": ""IDR"", ""confidence"": 0.7}"
VX-SU-001480,test,expense_basic,easy,tadi ojék online Rp12.000,tadi ojék online 12000,12000,12000,True,expense,,False,Transportasi,Transportasi,True,,,True,ojék online,ojék,True,IDR,IDR,True,False,"{""amount"": 12000, ""type"": null, ""category"": ""Transportasi"", ""wallet"": null, ""note"": ""ojék"", ""currency"": ""IDR"", ""confidence"": 0.7}"
VX-SU-001490,test,expense_basic,easy,tadi jajan 12000 keur seblak,tadi jajan 12000 keur seblak,12000,12000,True,expense,expense,True,Makan & Minum,Makan & Minum,True,,,True,seblak,seblak,True,IDR,IDR,True,True,"{""amount"": 12000, ""type"": ""expense"", ""category"": ""Makan & Minum"", ""wallet"": null, ""note"": ""seblak"", ""currency"": ""IDR"", ""confidence"": 0.7}"
VX-SU-001500,test,expense_basic,easy,peuting tadi mayar cai Rp100.000,peuting tadi mayar cai 100000,100000,100000,True,expense,expense,True,Tagihan & Utilitas,Tagihan & Utilitas,True,,,True,tagihan cai,cai,True,IDR,IDR,True,True,"{""amount"": 100000, ""type"": ""expense"", ""category"": ""Tagihan & Utilitas"", ""wallet"": null, ""note"": ""cai"", ""currency"": ""IDR"", ""confidence"": 0.7}"
VX-SU-001510,test,income_basic,easy,peuting tadi aya duit asup 750rb tina ngadamel website,peuting tadi aya duit asup 750000 tina ngadamel website,750000,750000,True,income,income,True,Freelance,Freelance,True,,,True,ngadamel website,website,True,IDR,IDR,True,True,"{""amount"": 750000, ""type"": ""income"", ""category"": ""Freelance"", ""wallet"": null, ""note"": ""website"", ""currency"": ""IDR"", ""confidence"": 0.7}"
VX-SU-001520,test,income_basic,easy,kamari ngadamel website asup 750000,kamari ngadamel website asup 750000,750000,750000,True,income,income,True,Freelance,Freelance,True,,,True,ngadamel website,website,True,IDR,IDR,True,True,"{""amount"": 750000, ""type"": ""income"", ""category"": ""Freelance"", ""wallet"": null, ""note"": ""website"", ""currency"": ""IDR"", ""confidence"": 0.7}"
VX-SU-001530,test,income_basic,easy,peuting tadi dibayar desain logo 300000,peuting tadi dibayar desain logo 300000,300000,300000,True,income,income,True,Freelance,Freelance,True,,,True,desain logo,desain,True,IDR,IDR,True,True,"{""amount"": 300000, ""type"": ""income"", ""category"": ""Freelance"", ""wallet"": null, ""note"": ""desain"", ""currency"": ""IDR"", ""confidence"": 0.7}"
VX-SU-001540,test,income_basic,easy,abdi aya duit asup 100rb tina desain logo,abdi aya duit asup 100000 tina desain logo,100000,100000,True,income,income,True,Freelance,Freelance,True,,,True,desain logo,desain,True,IDR,IDR,True,True,"{""amount"": 100000, ""type"": ""income"", ""category"": ""Freelance"", ""wallet"": null, ""note"": ""desain"", ""currency"": ""IDR"", ""confidence"": 0.7}"
VX-SU-001550,test,income_basic,easy,minggu ieu gajih asup 3000rb,minggu ieu gajih asup 3000000,3000000,3000000,True,income,income,True,Gaji,Gaji,True,,,True,gajih,gajih,True,IDR,IDR,True,True,"{""amount"": 3000000, ""type"": ""income"", ""category"": ""Gaji"", ""wallet"": null, ""note"": ""gajih"", ""currency"": ""IDR"", ""confidence"": 0.7}"
VX-SU-001560,test,income_basic,easy,kamari dibayar 350000 tina ngalereskeun bug aplikasi,kamari dibayar 350000 tina ngalereskeun bug aplikasi,350000,350000,True,income,income,True,Freelance,Freelance,True,,,True,fix bug aplikasi,bug aplikasi,True,IDR,IDR,True,True,"{""amount"": 350000, ""type"": ""income"", ""category"": ""Freelance"", ""wallet"": null, ""note"": ""bug aplikasi"", ""currency"": ""IDR"", ""confidence"": 0.7}"
VX-SU-001570,test,income_basic,easy,kuring meunang duit bulanan 1000rb,kuring meunang duit bulanan 1000000,1000000,1000000,True,income,income,True,Gaji,Gaji,True,,,True,duit bulanan,duit bulanan,True,IDR,IDR,True,True,"{""amount"": 1000000, ""type"": ""income"", ""category"": ""Gaji"", ""wallet"": null, ""note"": ""duit bulanan"", ""currency"": ""IDR"", ""confidence"": 0.7}"
VX-SU-001580,test,income_basic,easy,abdi proyék freelance asup tujuh ratus rébu,abdi proyék freelance asup 700000,700000,700000,True,income,income,True,Freelance,Freelance,True,,,True,proyék freelance,freelance,True,IDR,IDR,True,True,"{""amount"": 700000, ""type"": ""income"", ""category"": ""Freelance"", ""wallet"": null, ""note"": ""freelance"", ""currency"": ""IDR"", ""confidence"": 0.7}"
VX-SU-001590,test,income_basic,easy,sim kuring desain logo asup Rp300.000,sim kuring desain logo asup 300000,300000,300000,True,income,income,True,Freelance,Freelance,True,,,True,desain logo,desain,True,IDR,IDR,True,True,"{""amount"": 300000, ""type"": ""income"", ""category"": ""Freelance"", ""wallet"": null, ""note"": ""desain"", ""currency"": ""IDR"", ""confidence"": 0.7}"
VX-SU-001600,test,income_basic,easy,ngalereskeun bug aplikasi asup Rp200.000,ngalereskeun bug aplikasi asup 200000,200000,200000,True,income,income,True,Freelance,Freelance,True,,,True,fix bug aplikasi,bug aplikasi,True,IDR,IDR,True,True,"{""amount"": 200000, ""type"": ""income"", ""category"": ""Freelance"", ""wallet"": null, ""note"": ""bug aplikasi"", ""currency"": ""IDR"", ""confidence"": 0.7}"
VX-SU-001610,test,income_basic,easy,peuting tadi meunang duit tina proyék freelance 150000,peuting tadi meunang duit tina proyék freelance 150000,150000,150000,True,income,income,True,Freelance,Freelance,True,,,True,proyék freelance,freelance,True,IDR,IDR,True,True,"{""amount"": 150000, ""type"": ""income"", ""category"": ""Freelance"", ""wallet"": null, ""note"": ""freelance"", ""currency"": ""IDR"", ""confidence"": 0.7}"
VX-SU-001620,test,income_basic,easy,tadi desain logo asup 100rb,tadi desain logo asup 100000,100000,100000,True,income,income,True,Freelance,Freelance,True,,,True,desain logo,desain,True,IDR,IDR,True,True,"{""amount"": 100000, ""type"": ""income"", ""category"": ""Freelance"", ""wallet"": null, ""note"": ""desain"", ""currency"": ""IDR"", ""confidence"": 0.7}"
VX-SU-001630,test,income_basic,easy,kamari desain logo asup Rp300.000,kamari desain logo asup 300000,300000,300000,True,income,income,True,Freelance,Freelance,True,,,True,desain logo,desain,True,IDR,IDR,True,True,"{""amount"": 300000, ""type"": ""income"", ""category"": ""Freelance"", ""wallet"": null, ""note"": ""desain"", ""currency"": ""IDR"", ""confidence"": 0.7}"
VX-SU-001640,test,income_basic,easy,urang nampi 250rb tina bonus damel,urang nampi 250000 tina bonus damel,250000,250000,True,income,income,True,Gaji,Gaji,True,,,True,bonus damel,bonus damel,True,IDR,IDR,True,True,"{""amount"": 250000, ""type"": ""income"", ""category"": ""Gaji"", ""wallet"": null, ""note"": ""bonus damel"", ""currency"": ""IDR"", ""confidence"": 0.7}"
VX-SU-001650,test,income_basic,easy,meunang bonus damel hiji juta,meunang bonus damel 1000000,1000000,1000000,True,income,income,True,Gaji,Gaji,True,,,True,bonus damel,bonus damel,True,IDR,IDR,True,True,"{""amount"": 1000000, ""type"": ""income"", ""category"": ""Gaji"", ""wallet"": null, ""note"": ""bonus damel"", ""currency"": ""IDR"", ""confidence"": 0.7}"
VX-SU-001660,test,income_basic,easy,tadi proyék freelance asup saratus lima puluh rebu,tadi proyék freelance asup 150000,150000,150000,True,income,income,True,Freelance,Freelance,True,,,True,proyék freelance,freelance,True,IDR,IDR,True,True,"{""amount"": 150000, ""type"": ""income"", ""category"": ""Freelance"", ""wallet"": null, ""note"": ""freelance"", ""currency"": ""IDR"", ""confidence"": 0.7}"
VX-SU-001670,test,income_basic,easy,kuring proyék freelance asup Rp1.500.000,kuring proyék freelance asup 1500000,1500000,1500000,True,income,income,True,Freelance,Freelance,True,,,True,proyék freelance,freelance,True,IDR,IDR,True,True,"{""amount"": 1500000, ""type"": ""income"", ""category"": ""Freelance"", ""wallet"": null, ""note"": ""freelance"", ""currency"": ""IDR"", ""confidence"": 0.7}"
VX-SU-001680,test,income_basic,easy,sim kuring aya duit asup Rp500.000 tina ngalereskeun bug aplikasi,sim kuring aya duit asup 500000 tina ngalereskeun bug aplikasi,500000,500000,True,income,income,True,Freelance,Freelance,True,,,True,fix bug aplikasi,bug aplikasi,True,IDR,IDR,True,True,"{""amount"": 500000, ""type"": ""income"", ""category"": ""Freelance"", ""wallet"": null, ""note"": ""bug aplikasi"", ""currency"": ""IDR"", ""confidence"": 0.7}"
VX-SU-001690,test,income_basic,easy,abdi aya duit asup lima ratus rébu tina bonus damel,abdi aya duit asup 500000 tina bonus damel,500000,500000,True,income,income,True,Gaji,Gaji,True,,,True,bonus damel,bonus damel,True,IDR,IDR,True,True,"{""amount"": 500000, ""type"": ""income"", ""category"": ""Gaji"", ""wallet"": null, ""note"": ""bonus damel"", ""currency"": ""IDR"", ""confidence"": 0.7}"
VX-SU-001700,test,income_basic,easy,abdi proyék freelance asup saratus lima puluh rebu,abdi proyék freelance asup 150000,150000,150000,True,income,income,True,Freelance,Freelance,True,,,True,proyék freelance,freelance,True,IDR,IDR,True,True,"{""amount"": 150000, ""type"": ""income"", ""category"": ""Freelance"", ""wallet"": null, ""note"": ""freelance"", ""currency"": ""IDR"", ""confidence"": 0.7}"
VX-SU-001710,test,income_basic,easy,minggu ieu dibayar hiji juta lima ratus rébu tina proyék freelance,minggu ieu dibayar 1500000 tina proyék freelance,1500000,1500000,True,income,income,True,Freelance,Freelance,True,,,True,proyék freelance,freelance,True,IDR,IDR,True,True,"{""amount"": 1500000, ""type"": ""income"", ""category"": ""Freelance"", ""wallet"": null, ""note"": ""freelance"", ""currency"": ""IDR"", ""confidence"": 0.7}"
VX-SU-001720,test,income_basic,easy,poé ieu aya duit asup Rp500.000 tina bonus damel,poé ieu aya duit asup 500000 tina bonus damel,500000,500000,True,income,income,True,Gaji,Gaji,True,,,True,bonus damel,bonus damel,True,IDR,IDR,True,True,"{""amount"": 500000, ""type"": ""income"", ""category"": ""Gaji"", ""wallet"": null, ""note"": ""bonus damel"", ""currency"": ""IDR"", ""confidence"": 0.7}"
VX-SU-001730,test,income_basic,easy,tadi nampi bayaran 350rb tina ngalereskeun bug aplikasi,tadi nampi bayaran 350000 tina ngalereskeun bug aplikasi,350000,350000,True,income,income,True,Freelance,Freelance,True,,,True,fix bug aplikasi,bug aplikasi,True,IDR,IDR,True,True,"{""amount"": 350000, ""type"": ""income"", ""category"": ""Freelance"", ""wallet"": null, ""note"": ""bug aplikasi"", ""currency"": ""IDR"", ""confidence"": 0.7}"
VX-SU-001740,test,income_basic,easy,minggu ieu aya duit asup Rp100.000 tina ngalereskeun bug aplikasi,minggu ieu aya duit asup 100000 tina ngalereskeun bug aplikasi,100000,100000,True,income,income,True,Freelance,Freelance,True,,,True,fix bug aplikasi,bug aplikasi,True,IDR,IDR,True,True,"{""amount"": 100000, ""type"": ""income"", ""category"": ""Freelance"", ""wallet"": null, ""note"": ""bug aplikasi"", ""currency"": ""IDR"", ""confidence"": 0.7}"
VX-SU-001750,test,income_basic,easy,tadi aya duit asup Rp1.000.000 tina ngadamel website,tadi aya duit asup 1000000 tina ngadamel website,1000000,1000000,True,income,income,True,Freelance,Freelance,True,,,True,ngadamel website,website,True,IDR,IDR,True,True,"{""amount"": 1000000, ""type"": ""income"", ""category"": ""Freelance"", ""wallet"": null, ""note"": ""website"", ""currency"": ""IDR"", ""confidence"": 0.7}"
VX-SU-001760,test,income_basic,easy,tadi ngadamel website asup 1500000,tadi ngadamel website asup 1500000,1500000,1500000,True,income,income,True,Freelance,Freelance,True,,,True,ngadamel website,website,True,IDR,IDR,True,True,"{""amount"": 1500000, ""type"": ""income"", ""category"": ""Freelance"", ""wallet"": null, ""note"": ""website"", ""currency"": ""IDR"", ""confidence"": 0.7}"
VX-SU-001770,test,income_basic,easy,peuting tadi gajih asup tilu juta lima ratus rébu,peuting tadi gajih asup 3500000,3500000,3500000,True,income,income,True,Gaji,Gaji,True,,,True,gajih,gajih,True,IDR,IDR,True,True,"{""amount"": 3500000, ""type"": ""income"", ""category"": ""Gaji"", ""wallet"": null, ""note"": ""gajih"", ""currency"": ""IDR"", ""confidence"": 0.7}"
VX-SU-001780,test,income_basic,easy,isuk tadi nampi bayaran 500rb tina ngalereskeun bug aplikasi,isuk tadi nampi bayaran 500000 tina ngalereskeun bug aplikasi,500000,500000,True,income,income,True,Freelance,Freelance,True,,,True,fix bug aplikasi,bug aplikasi,True,IDR,IDR,True,True,"{""amount"": 500000, ""type"": ""income"", ""category"": ""Freelance"", ""wallet"": null, ""note"": ""bug aplikasi"", ""currency"": ""IDR"", ""confidence"": 0.7}"
VX-SU-001790,test,income_basic,easy,tadi meunang lima ratus rébu tina bonus damel,tadi meunang 500000 tina bonus damel,500000,500000,True,income,income,True,Gaji,Gaji,True,,,True,bonus damel,bonus damel,True,IDR,IDR,True,True,"{""amount"": 500000, ""type"": ""income"", ""category"": ""Gaji"", ""wallet"": null, ""note"": ""bonus damel"", ""currency"": ""IDR"", ""confidence"": 0.7}"
VX-SU-001800,test,income_basic,easy,urang nampi bayaran ngadamel website 750000,urang nampi bayaran ngadamel website 750000,750000,750000,True,income,income,True,Freelance,Freelance,True,,,True,ngadamel website,website,True,IDR,IDR,True,True,"{""amount"": 750000, ""type"": ""income"", ""category"": ""Freelance"", ""wallet"": null, ""note"": ""website"", ""currency"": ""IDR"", ""confidence"": 0.7}"
VX-SU-001810,test,income_basic,easy,sim kuring aya duit asup Rp750.000 tina bonus damel,sim kuring aya duit asup 750000 tina bonus damel,750000,750000,True,income,income,True,Gaji,Gaji,True,,,True,bonus damel,bonus damel,True,IDR,IDR,True,True,"{""amount"": 750000, ""type"": ""income"", ""category"": ""Gaji"", ""wallet"": null, ""note"": ""bonus damel"", ""currency"": ""IDR"", ""confidence"": 0.7}"
VX-SU-001820,test,income_basic,easy,sim kuring dibayar 750rb tina ngadamel website,sim kuring dibayar 750000 tina ngadamel website,750000,750000,True,income,income,True,Freelance,Freelance,True,,,True,ngadamel website,website,True,IDR,IDR,True,True,"{""amount"": 750000, ""type"": ""income"", ""category"": ""Freelance"", ""wallet"": null, ""note"": ""website"", ""currency"": ""IDR"", ""confidence"": 0.7}"
VX-SU-001830,test,income_basic,easy,urang meunang Rp750.000 tina bonus damel,urang meunang 750000 tina bonus damel,750000,750000,True,income,income,True,Gaji,Gaji,True,,,True,bonus damel,bonus damel,True,IDR,IDR,True,True,"{""amount"": 750000, ""type"": ""income"", ""category"": ""Gaji"", ""wallet"": null, ""note"": ""bonus damel"", ""currency"": ""IDR"", ""confidence"": 0.7}"
VX-SU-001840,test,income_basic,easy,poé ieu dibayar ngalereskeun bug aplikasi tilu ratus lima puluh rebu,poé ieu dibayar ngalereskeun bug aplikasi 350000,350000,350000,True,income,income,True,Freelance,Freelance,True,,,True,fix bug aplikasi,bug aplikasi,True,IDR,IDR,True,True,"{""amount"": 350000, ""type"": ""income"", ""category"": ""Freelance"", ""wallet"": null, ""note"": ""bug aplikasi"", ""currency"": ""IDR"", ""confidence"": 0.7}"
VX-SU-001850,test,income_basic,easy,sim kuring asup 750rb tina duit bulanan,sim kuring asup 750000 tina duit bulanan,750000,750000,True,income,income,True,Gaji,Gaji,True,,,True,duit bulanan,duit bulanan,True,IDR,IDR,True,True,"{""amount"": 750000, ""type"": ""income"", ""category"": ""Gaji"", ""wallet"": null, ""note"": ""duit bulanan"", ""currency"": ""IDR"", ""confidence"": 0.7}"
VX-SU-001860,test,income_basic,easy,abdi bonus damel asup 750rb,abdi bonus damel asup 750000,750000,750000,True,income,income,True,Gaji,Gaji,True,,,True,bonus damel,bonus damel,True,IDR,IDR,True,True,"{""amount"": 750000, ""type"": ""income"", ""category"": ""Gaji"", ""wallet"": null, ""note"": ""bonus damel"", ""currency"": ""IDR"", ""confidence"": 0.7}"
VX-SU-001870,test,income_basic,easy,poé ieu aya duit asup 200000 tina ngalereskeun bug aplikasi,poé ieu aya duit asup 200000 tina ngalereskeun bug aplikasi,200000,200000,True,income,income,True,Freelance,Freelance,True,,,True,fix bug aplikasi,bug aplikasi,True,IDR,IDR,True,True,"{""amount"": 200000, ""type"": ""income"", ""category"": ""Freelance"", ""wallet"": null, ""note"": ""bug aplikasi"", ""currency"": ""IDR"", ""confidence"": 0.7}"
VX-SU-001880,test,income_basic,easy,minggu ieu ngalereskeun bug aplikasi asup tilu ratus lima puluh rebu,minggu ieu ngalereskeun bug aplikasi asup 350000,350000,350000,True,income,income,True,Freelance,Freelance,True,,,True,fix bug aplikasi,bug aplikasi,True,IDR,IDR,True,True,"{""amount"": 350000, ""type"": ""income"", ""category"": ""Freelance"", ""wallet"": null, ""note"": ""bug aplikasi"", ""currency"": ""IDR"", ""confidence"": 0.7}"
VX-SU-001890,test,income_basic,easy,abdi gajih asup 3500rb,abdi gajih asup 3500000,3500000,3500000,True,income,income,True,Gaji,Gaji,True,,,True,gajih,gajih,True,IDR,IDR,True,True,"{""amount"": 3500000, ""type"": ""income"", ""category"": ""Gaji"", ""wallet"": null, ""note"": ""gajih"", ""currency"": ""IDR"", ""confidence"": 0.7}"
VX-SU-001900,test,income_basic,easy,dibayar ngadamel website Rp1.500.000,dibayar ngadamel website 1500000,1500000,1500000,True,income,income,True,Freelance,Freelance,True,,,True,ngadamel website,website,True,IDR,IDR,True,True,"{""amount"": 1500000, ""type"": ""income"", ""category"": ""Freelance"", ""wallet"": null, ""note"": ""website"", ""currency"": ""IDR"", ""confidence"": 0.7}"
VX-SU-001910,test,income_basic,easy,poé ieu nampi bayaran proyék freelance tujuh ratus rébu,poé ieu nampi bayaran proyék freelance 700000,700000,700000,True,income,income,True,Freelance,Freelance,True,,,True,proyék freelance,freelance,True,IDR,IDR,True,True,"{""amount"": 700000, ""type"": ""income"", ""category"": ""Freelance"", ""wallet"": null, ""note"": ""freelance"", ""currency"": ""IDR"", ""confidence"": 0.7}"
VX-SU-001920,test,income_basic,easy,isuk tadi aya duit asup dua ratus lima puluh rébu tina proyék freelance,isuk tadi aya duit asup 250000 tina proyék freelance,250000,250000,True,income,income,True,Freelance,Freelance,True,,,True,proyék freelance,freelance,True,IDR,IDR,True,True,"{""amount"": 250000, ""type"": ""income"", ""category"": ""Freelance"", ""wallet"": null, ""note"": ""freelance"", ""currency"": ""IDR"", ""confidence"": 0.7}"
VX-SU-001930,test,income_basic,easy,abdi meunang bonus damel tujuh ratus lima puluh rébu,abdi meunang bonus damel 750000,750000,750000,True,income,income,True,Gaji,Gaji,True,,,True,bonus damel,bonus damel,True,IDR,IDR,True,True,"{""amount"": 750000, ""type"": ""income"", ""category"": ""Gaji"", ""wallet"": null, ""note"": ""bonus damel"", ""currency"": ""IDR"", ""confidence"": 0.7}"
VX-SU-001940,test,income_basic,easy,abdi asup duit bulanan hiji juta lima ratus rébu,abdi asup duit bulanan 1500000,1500000,1500000,True,income,income,True,Gaji,Gaji,True,,,True,duit bulanan,duit bulanan,True,IDR,IDR,True,True,"{""amount"": 1500000, ""type"": ""income"", ""category"": ""Gaji"", ""wallet"": null, ""note"": ""duit bulanan"", ""currency"": ""IDR"", ""confidence"": 0.7}"
VX-SU-001950,test,income_basic,easy,poé ieu desain logo asup Rp150.000,poé ieu desain logo asup 150000,150000,150000,True,income,income,True,Freelance,Freelance,True,,,True,desain logo,desain,True,IDR,IDR,True,True,"{""amount"": 150000, ""type"": ""income"", ""category"": ""Freelance"", ""wallet"": null, ""note"": ""desain"", ""currency"": ""IDR"", ""confidence"": 0.7}"
VX-SU-001960,test,income_basic,easy,peuting tadi aya duit asup Rp250.000 tina desain logo,peuting tadi aya duit asup 250000 tina desain logo,250000,250000,True,income,income,True,Freelance,Freelance,True,,,True,desain logo,desain,True,IDR,IDR,True,True,"{""amount"": 250000, ""type"": ""income"", ""category"": ""Freelance"", ""wallet"": null, ""note"": ""desain"", ""currency"": ""IDR"", ""confidence"": 0.7}"
VX-SU-001970,test,income_basic,easy,kuring asup 1500rb tina gajih,kuring asup 1500000 tina gajih,1500000,1500000,True,income,income,True,Gaji,Gaji,True,,,True,gajih,gajih,True,IDR,IDR,True,True,"{""amount"": 1500000, ""type"": ""income"", ""category"": ""Gaji"", ""wallet"": null, ""note"": ""gajih"", ""currency"": ""IDR"", ""confidence"": 0.7}"
VX-SU-001980,test,income_basic,easy,urang asup hiji juta tina duit bulanan,urang asup 1000000 tina duit bulanan,1000000,1000000,True,income,income,True,Gaji,Gaji,True,,,True,duit bulanan,duit bulanan,True,IDR,IDR,True,True,"{""amount"": 1000000, ""type"": ""income"", ""category"": ""Gaji"", ""wallet"": null, ""note"": ""duit bulanan"", ""currency"": ""IDR"", ""confidence"": 0.7}"
VX-SU-001990,test,income_basic,easy,isuk tadi meunang Rp500.000 tina duit bulanan,isuk tadi meunang 500000 tina duit bulanan,500000,500000,True,income,income,True,Gaji,Gaji,True,,,True,duit bulanan,duit bulanan,True,IDR,IDR,True,True,"{""amount"": 500000, ""type"": ""income"", ""category"": ""Gaji"", ""wallet"": null, ""note"": ""duit bulanan"", ""currency"": ""IDR"", ""confidence"": 0.7}"
VX-SU-002000,test,income_basic,easy,kuring nampi lima juta tina gajih,kuring nampi 5000000 tina gajih,5000000,5000000,True,income,income,True,Gaji,Gaji,True,,,True,gajih,gajih,True,IDR,IDR,True,True,"{""amount"": 5000000, ""type"": ""income"", ""category"": ""Gaji"", ""wallet"": null, ""note"": ""gajih"", ""currency"": ""IDR"", ""confidence"": 0.7}"
VX-SU-002010,test,income_basic,easy,kamari aya duit asup Rp1.000.000 tina duit bulanan,kamari aya duit asup 1000000 tina duit bulanan,1000000,1000000,True,income,income,True,Gaji,Gaji,True,,,True,duit bulanan,duit bulanan,True,IDR,IDR,True,True,"{""amount"": 1000000, ""type"": ""income"", ""category"": ""Gaji"", ""wallet"": null, ""note"": ""duit bulanan"", ""currency"": ""IDR"", ""confidence"": 0.7}"
VX-SU-002020,test,income_basic,easy,kamari asup duit bulanan hiji juta,kamari asup duit bulanan 1000000,1000000,1000000,True,income,income,True,Gaji,Gaji,True,,,True,duit bulanan,duit bulanan,True,IDR,IDR,True,True,"{""amount"": 1000000, ""type"": ""income"", ""category"": ""Gaji"", ""wallet"": null, ""note"": ""duit bulanan"", ""currency"": ""IDR"", ""confidence"": 0.7}"
VX-SU-002030,test,income_basic,easy,urang aya duit asup tujuh ratus lima puluh rébu tina bonus damel,urang aya duit asup 750000 tina bonus damel,750000,750000,True,income,income,True,Gaji,Gaji,True,,,True,bonus damel,bonus damel,True,IDR,IDR,True,True,"{""amount"": 750000, ""type"": ""income"", ""category"": ""Gaji"", ""wallet"": null, ""note"": ""bonus damel"", ""currency"": ""IDR"", ""confidence"": 0.7}"
VX-SU-002040,test,income_basic,easy,aya duit asup 3500000 tina gajih,aya duit asup 3500000 tina gajih,3500000,3500000,True,income,income,True,Gaji,Gaji,True,,,True,gajih,gajih,True,IDR,IDR,True,True,"{""amount"": 3500000, ""type"": ""income"", ""category"": ""Gaji"", ""wallet"": null, ""note"": ""gajih"", ""currency"": ""IDR"", ""confidence"": 0.7}"
VX-SU-002050,test,income_basic,easy,peuting tadi nampi bayaran 1500000 tina proyék freelance,peuting tadi nampi bayaran 1500000 tina proyék freelance,1500000,1500000,True,income,income,True,Freelance,Freelance,True,,,True,proyék freelance,freelance,True,IDR,IDR,True,True,"{""amount"": 1500000, ""type"": ""income"", ""category"": ""Freelance"", ""wallet"": null, ""note"": ""freelance"", ""currency"": ""IDR"", ""confidence"": 0.7}"
VX-SU-002060,test,income_basic,easy,tadi meunang duit bulanan Rp750.000,tadi meunang duit bulanan 750000,750000,750000,True,income,income,True,Gaji,Gaji,True,,,True,duit bulanan,duit bulanan,True,IDR,IDR,True,True,"{""amount"": 750000, ""type"": ""income"", ""category"": ""Gaji"", ""wallet"": null, ""note"": ""duit bulanan"", ""currency"": ""IDR"", ""confidence"": 0.7}"
VX-SU-002070,test,income_basic,easy,urang nampi bayaran desain logo saratus lima puluh rebu,urang nampi bayaran desain logo 150000,150000,150000,True,income,income,True,Freelance,Freelance,True,,,True,desain logo,desain,True,IDR,IDR,True,True,"{""amount"": 150000, ""type"": ""income"", ""category"": ""Freelance"", ""wallet"": null, ""note"": ""desain"", ""currency"": ""IDR"", ""confidence"": 0.7}"
VX-SU-002080,test,income_basic,easy,sim kuring dibayar proyék freelance 150000,sim kuring dibayar proyék freelance 150000,150000,150000,True,income,income,True,Freelance,Freelance,True,,,True,proyék freelance,freelance,True,IDR,IDR,True,True,"{""amount"": 150000, ""type"": ""income"", ""category"": ""Freelance"", ""wallet"": null, ""note"": ""freelance"", ""currency"": ""IDR"", ""confidence"": 0.7}"
VX-SU-002090,test,income_basic,easy,minggu ieu meunang 250rb tina bonus damel,minggu ieu meunang 250000 tina bonus damel,250000,250000,True,income,income,True,Gaji,Gaji,True,,,True,bonus damel,bonus damel,True,IDR,IDR,True,True,"{""amount"": 250000, ""type"": ""income"", ""category"": ""Gaji"", ""wallet"": null, ""note"": ""bonus damel"", ""currency"": ""IDR"", ""confidence"": 0.7}"
VX-SU-002100,test,income_basic,easy,sim kuring meunang duit tina 700rb tina proyék freelance,sim kuring meunang duit tina 700000 tina proyék freelance,700000,700000,True,income,income,True,Freelance,Freelance,True,,,True,proyék freelance,freelance,True,IDR,IDR,True,True,"{""amount"": 700000, ""type"": ""income"", ""category"": ""Freelance"", ""wallet"": null, ""note"": ""freelance"", ""currency"": ""IDR"", ""confidence"": 0.7}"
VX-SU-002110,test,income_basic,easy,abdi bonus damel asup dua ratus lima puluh rébu,abdi bonus damel asup 250000,250000,250000,True,income,income,True,Gaji,Gaji,True,,,True,bonus damel,bonus damel,True,IDR,IDR,True,True,"{""amount"": 250000, ""type"": ""income"", ""category"": ""Gaji"", ""wallet"": null, ""note"": ""bonus damel"", ""currency"": ""IDR"", ""confidence"": 0.7}"
VX-SU-002120,test,income_basic,easy,sim kuring aya duit asup Rp150.000 tina proyék freelance,sim kuring aya duit asup 150000 tina proyék freelance,150000,150000,True,income,income,True,Freelance,Freelance,True,,,True,proyék freelance,freelance,True,IDR,IDR,True,True,"{""amount"": 150000, ""type"": ""income"", ""category"": ""Freelance"", ""wallet"": null, ""note"": ""freelance"", ""currency"": ""IDR"", ""confidence"": 0.7}"
VX-SU-002130,test,income_basic,easy,kamari meunang 1000rb tina bonus damel,kamari meunang 1000000 tina bonus damel,1000000,1000000,True,income,income,True,Gaji,Gaji,True,,,True,bonus damel,bonus damel,True,IDR,IDR,True,True,"{""amount"": 1000000, ""type"": ""income"", ""category"": ""Gaji"", ""wallet"": null, ""note"": ""bonus damel"", ""currency"": ""IDR"", ""confidence"": 0.7}"
VX-SU-002140,test,income_basic,easy,peuting tadi dibayar ngalereskeun bug aplikasi 200000,peuting tadi dibayar ngalereskeun bug aplikasi 200000,200000,200000,True,income,income,True,Freelance,Freelance,True,,,True,fix bug aplikasi,bug aplikasi,True,IDR,IDR,True,True,"{""amount"": 200000, ""type"": ""income"", ""category"": ""Freelance"", ""wallet"": null, ""note"": ""bug aplikasi"", ""currency"": ""IDR"", ""confidence"": 0.7}"
VX-SU-002150,test,income_basic,easy,kuring duit bulanan asup 750000,kuring duit bulanan asup 750000,750000,750000,True,income,income,True,Gaji,Gaji,True,,,True,duit bulanan,duit bulanan,True,IDR,IDR,True,True,"{""amount"": 750000, ""type"": ""income"", ""category"": ""Gaji"", ""wallet"": null, ""note"": ""duit bulanan"", ""currency"": ""IDR"", ""confidence"": 0.7}"
VX-SU-002160,test,income_basic,easy,sim kuring nampi bayaran proyék freelance 500rb,sim kuring nampi bayaran proyék freelance 500000,500000,500000,True,income,income,True,Freelance,Freelance,True,,,True,proyék freelance,freelance,True,IDR,IDR,True,True,"{""amount"": 500000, ""type"": ""income"", ""category"": ""Freelance"", ""wallet"": null, ""note"": ""freelance"", ""currency"": ""IDR"", ""confidence"": 0.7}"
VX-SU-002170,test,income_basic,easy,aya duit asup Rp200.000 tina ngalereskeun bug aplikasi,aya duit asup 200000 tina ngalereskeun bug aplikasi,200000,200000,True,income,income,True,Freelance,Freelance,True,,,True,fix bug aplikasi,bug aplikasi,True,IDR,IDR,True,True,"{""amount"": 200000, ""type"": ""income"", ""category"": ""Freelance"", ""wallet"": null, ""note"": ""bug aplikasi"", ""currency"": ""IDR"", ""confidence"": 0.7}"
VX-SU-002180,test,income_basic,easy,urang ngadamel website asup 1500000,urang ngadamel website asup 1500000,1500000,1500000,True,income,income,True,Freelance,Freelance,True,,,True,ngadamel website,website,True,IDR,IDR,True,True,"{""amount"": 1500000, ""type"": ""income"", ""category"": ""Freelance"", ""wallet"": null, ""note"": ""website"", ""currency"": ""IDR"", ""confidence"": 0.7}"
VX-SU-002190,test,income_basic,easy,poé ieu asup gajih 3500rb,poé ieu asup gajih 3500000,3500000,3500000,True,income,income,True,Gaji,Gaji,True,,,True,gajih,gajih,True,IDR,IDR,True,True,"{""amount"": 3500000, ""type"": ""income"", ""category"": ""Gaji"", ""wallet"": null, ""note"": ""gajih"", ""currency"": ""IDR"", ""confidence"": 0.7}"
VX-SU-002200,test,income_basic,easy,sim kuring meunang lima ratus rebu tina duit bulanan,sim kuring meunang 500000 tina duit bulanan,500000,500000,True,income,income,True,Gaji,Gaji,True,,,True,duit bulanan,duit bulanan,True,IDR,IDR,True,True,"{""amount"": 500000, ""type"": ""income"", ""category"": ""Gaji"", ""wallet"": null, ""note"": ""duit bulanan"", ""currency"": ""IDR"", ""confidence"": 0.7}"
VX-SU-002210,test,transport_parkir_bensin,easy,isuk tadi tol dua puluh lima rebu,isuk tadi tol 25000,25000,25000,True,expense,,False,Transportasi,Transportasi,True,,,True,tol,tol,True,IDR,IDR,True,False,"{""amount"": 25000, ""type"": null, ""category"": ""Transportasi"", ""wallet"": null, ""note"": ""tol"", ""currency"": ""IDR"", ""confidence"": 0.7}"
VX-SU-002220,test,transport_parkir_bensin,easy,urang mayar ojék online 12rb,urang mayar ojék online 12000,12000,12000,True,expense,expense,True,Transportasi,Transportasi,True,,,True,ojék online,ojék,True,IDR,IDR,True,True,"{""amount"": 12000, ""type"": ""expense"", ""category"": ""Transportasi"", ""wallet"": null, ""note"": ""ojék"", ""currency"": ""IDR"", ""confidence"": 0.7}"
VX-SU-002230,test,transport_parkir_bensin,easy,minggu ieu mayar 12rb keur ojék online,minggu ieu mayar 12000 keur ojék online,12000,12000,True,expense,expense,True,Transportasi,Transportasi,True,,,True,ojék online,ojék,True,IDR,IDR,True,True,"{""amount"": 12000, ""type"": ""expense"", ""category"": ""Transportasi"", ""wallet"": null, ""note"": ""ojék"", ""currency"": ""IDR"", ""confidence"": 0.7}"
VX-SU-002240,test,transport_parkir_bensin,easy,tadi mayar parkir motor sakitar tilu rébu,tadi mayar parkir motor sakitar 3000,3000,3000,True,expense,expense,True,Transportasi,Transportasi,True,,,True,parkir motor,parkir,True,IDR,IDR,True,True,"{""amount"": 3000, ""type"": ""expense"", ""category"": ""Transportasi"", ""wallet"": null, ""note"": ""parkir"", ""currency"": ""IDR"", ""confidence"": 0.7}"
VX-SU-002250,test,transport_parkir_bensin,easy,meuli 75000 keur bensin,meuli 75000 keur bensin,75000,75000,True,expense,expense,True,Transportasi,Transportasi,True,,,True,bensin,bensin,True,IDR,IDR,True,True,"{""amount"": 75000, ""type"": ""expense"", ""category"": ""Transportasi"", ""wallet"": null, ""note"": ""bensin"", ""currency"": ""IDR"", ""confidence"": 0.7}"
VX-SU-002260,test,transport_parkir_bensin,easy,sim kuring parkir motor Rp3.000,sim kuring parkir motor 3000,3000,3000,True,expense,,False,Transportasi,Transportasi,True,,,True,parkir motor,parkir,True,IDR,IDR,True,False,"{""amount"": 3000, ""type"": null, ""category"": ""Transportasi"", ""wallet"": null, ""note"": ""parkir"", ""currency"": ""IDR"", ""confidence"": 0.7}"
VX-SU-002270,test,transport_parkir_bensin,easy,minggu ieu tol 15rb atuh,minggu ieu tol 15000 atuh,15000,15000,True,expense,,False,Transportasi,Transportasi,True,,,True,tol,tol,True,IDR,IDR,True,False,"{""amount"": 15000, ""type"": null, ""category"": ""Transportasi"", ""wallet"": null, ""note"": ""tol"", ""currency"": ""IDR"", ""confidence"": 0.7}"
VX-SU-002280,test,transport_parkir_bensin,easy,minggu ieu meuli bensin sakitar tilu puluh rebu,minggu ieu meuli bensin sakitar 30000,30000,30000,True,expense,expense,True,Transportasi,Transportasi,True,,,True,bensin,bensin,True,IDR,IDR,True,True,"{""amount"": 30000, ""type"": ""expense"", ""category"": ""Transportasi"", ""wallet"": null, ""note"": ""bensin"", ""currency"": ""IDR"", ""confidence"": 0.7}"
VX-SU-002290,test,transport_parkir_bensin,easy,urang parkir motor 5rb,urang parkir motor 5000,5000,5000,True,expense,,False,Transportasi,Transportasi,True,,,True,parkir motor,parkir,True,IDR,IDR,True,False,"{""amount"": 5000, ""type"": null, ""category"": ""Transportasi"", ""wallet"": null, ""note"": ""parkir"", ""currency"": ""IDR"", ""confidence"": 0.7}"
VX-SU-002300,test,transport_parkir_bensin,easy,peuting tadi meuli bensin 75rb,peuting tadi meuli bensin 75000,75000,75000,True,expense,expense,True,Transportasi,Transportasi,True,,,True,bensin,bensin,True,IDR,IDR,True,True,"{""amount"": 75000, ""type"": ""expense"", ""category"": ""Transportasi"", ""wallet"": null, ""note"": ""bensin"", ""currency"": ""IDR"", ""confidence"": 0.7}"
VX-SU-002310,test,transport_parkir_bensin,easy,abdi mayar tol 15000,abdi mayar tol 15000,15000,15000,True,expense,expense,True,Transportasi,Transportasi,True,,,True,tol,tol,True,IDR,IDR,True,True,"{""amount"": 15000, ""type"": ""expense"", ""category"": ""Transportasi"", ""wallet"": null, ""note"": ""tol"", ""currency"": ""IDR"", ""confidence"": 0.7}"
VX-SU-002320,test,transport_parkir_bensin,easy,kuring mayar parkir motor sakitar tilu rebu,kuring mayar parkir motor sakitar 3000,3000,3000,True,expense,expense,True,Transportasi,Transportasi,True,,,True,parkir motor,parkir,True,IDR,IDR,True,True,"{""amount"": 3000, ""type"": ""expense"", ""category"": ""Transportasi"", ""wallet"": null, ""note"": ""parkir"", ""currency"": ""IDR"", ""confidence"": 0.7}"
VX-SU-002330,test,transport_parkir_bensin,easy,abdi mayar ojék online Rp18.000,abdi mayar ojék online 18000,18000,18000,True,expense,expense,True,Transportasi,Transportasi,True,,,True,ojék online,ojék,True,IDR,IDR,True,True,"{""amount"": 18000, ""type"": ""expense"", ""category"": ""Transportasi"", ""wallet"": null, ""note"": ""ojék"", ""currency"": ""IDR"", ""confidence"": 0.7}"
VX-SU-002340,test,transport_parkir_bensin,easy,peuting tadi mayar tol sakitar Rp50.000,peuting tadi mayar tol sakitar 50000,50000,50000,True,expense,expense,True,Transportasi,Transportasi,True,,,True,tol,tol,True,IDR,IDR,True,True,"{""amount"": 50000, ""type"": ""expense"", ""category"": ""Transportasi"", ""wallet"": null, ""note"": ""tol"", ""currency"": ""IDR"", ""confidence"": 0.7}"
VX-SU-002350,test,transport_parkir_bensin,easy,sim kuring mayar parkir motor sakitar 5rb,sim kuring mayar parkir motor sakitar 5000,5000,5000,True,expense,expense,True,Transportasi,Transportasi,True,,,True,parkir motor,parkir,True,IDR,IDR,True,True,"{""amount"": 5000, ""type"": ""expense"", ""category"": ""Transportasi"", ""wallet"": null, ""note"": ""parkir"", ""currency"": ""IDR"", ""confidence"": 0.7}"
VX-SU-002360,test,transport_parkir_bensin,easy,sim kuring tol lima puluh rebu,sim kuring tol 50000,50000,50000,True,expense,,False,Transportasi,Transportasi,True,,,True,tol,tol,True,IDR,IDR,True,False,"{""amount"": 50000, ""type"": null, ""category"": ""Transportasi"", ""wallet"": null, ""note"": ""tol"", ""currency"": ""IDR"", ""confidence"": 0.7}"
VX-SU-002370,test,transport_parkir_bensin,easy,tadi mayar dua puluh lima rébu keur tol,tadi mayar 25000 keur tol,25000,25000,True,expense,expense,True,Transportasi,Transportasi,True,,,True,tol,tol,True,IDR,IDR,True,True,"{""amount"": 25000, ""type"": ""expense"", ""category"": ""Transportasi"", ""wallet"": null, ""note"": ""tol"", ""currency"": ""IDR"", ""confidence"": 0.7}"
VX-SU-002380,test,transport_parkir_bensin,easy,isuk tadi parkir motor Rp2.000,isuk tadi parkir motor 2000,2000,2000,True,expense,,False,Transportasi,Transportasi,True,,,True,parkir motor,parkir,True,IDR,IDR,True,False,"{""amount"": 2000, ""type"": null, ""category"": ""Transportasi"", ""wallet"": null, ""note"": ""parkir"", ""currency"": ""IDR"", ""confidence"": 0.7}"
VX-SU-002390,test,transport_parkir_bensin,easy,sim kuring mayar ojék online sakitar 15000,sim kuring mayar ojék online sakitar 15000,15000,15000,True,expense,expense,True,Transportasi,Transportasi,True,,,True,ojék online,ojék,True,IDR,IDR,True,True,"{""amount"": 15000, ""type"": ""expense"", ""category"": ""Transportasi"", ""wallet"": null, ""note"": ""ojék"", ""currency"": ""IDR"", ""confidence"": 0.7}"
VX-SU-002400,test,transport_parkir_bensin,easy,peuting tadi mayar ojék online tilu puluh rébu,peuting tadi mayar ojék online 30000,30000,30000,True,expense,expense,True,Transportasi,Transportasi,True,,,True,ojék online,ojék,True,IDR,IDR,True,True,"{""amount"": 30000, ""type"": ""expense"", ""category"": ""Transportasi"", ""wallet"": null, ""note"": ""ojék"", ""currency"": ""IDR"", ""confidence"": 0.7}"
VX-SU-002410,test,transport_parkir_bensin,easy,minggu ieu parkir motor dua rébu,minggu ieu parkir motor 2000,2000,2000,True,expense,,False,Transportasi,Transportasi,True,,,True,parkir motor,parkir,True,IDR,IDR,True,False,"{""amount"": 2000, ""type"": null, ""category"": ""Transportasi"", ""wallet"": null, ""note"": ""parkir"", ""currency"": ""IDR"", ""confidence"": 0.7}"
VX-SU-002420,test,transport_parkir_bensin,easy,isuk tadi mayar angkot sakitar 7000,isuk tadi mayar angkot sakitar 7000,7000,7000,True,expense,expense,True,Transportasi,Transportasi,True,,,True,angkot,angkot,True,IDR,IDR,True,True,"{""amount"": 7000, ""type"": ""expense"", ""category"": ""Transportasi"", ""wallet"": null, ""note"": ""angkot"", ""currency"": ""IDR"", ""confidence"": 0.7}"
VX-SU-002430,test,transport_parkir_bensin,easy,kamari mayar tol sakitar 15000,kamari mayar tol sakitar 15000,15000,15000,True,expense,expense,True,Transportasi,Transportasi,True,,,True,tol,tol,True,IDR,IDR,True,True,"{""amount"": 15000, ""type"": ""expense"", ""category"": ""Transportasi"", ""wallet"": null, ""note"": ""tol"", ""currency"": ""IDR"", ""confidence"": 0.7}"
VX-SU-002440,test,transport_parkir_bensin,easy,abdi tol 15rb,abdi tol 15000,15000,15000,True,expense,,False,Transportasi,Transportasi,True,,,True,tol,tol,True,IDR,IDR,True,False,"{""amount"": 15000, ""type"": null, ""category"": ""Transportasi"", ""wallet"": null, ""note"": ""tol"", ""currency"": ""IDR"", ""confidence"": 0.7}"
VX-SU-002450,test,transport_parkir_bensin,easy,minggu ieu ojék online dua puluh dua rebu mah,minggu ieu ojék online 22000 mah,22000,22000,True,expense,,False,Transportasi,Transportasi,True,,,True,ojék online,ojék,True,IDR,IDR,True,False,"{""amount"": 22000, ""type"": null, ""category"": ""Transportasi"", ""wallet"": null, ""note"": ""ojék"", ""currency"": ""IDR"", ""confidence"": 0.7}"
VX-SU-002460,test,transport_parkir_bensin,easy,mayar parkir motor sakitar sapuluh rebu,mayar parkir motor sakitar 10000,10000,10000,True,expense,expense,True,Transportasi,Transportasi,True,,,True,parkir motor,parkir,True,IDR,IDR,True,True,"{""amount"": 10000, ""type"": ""expense"", ""category"": ""Transportasi"", ""wallet"": null, ""note"": ""parkir"", ""currency"": ""IDR"", ""confidence"": 0.7}"
VX-SU-002470,test,transport_parkir_bensin,easy,sim kuring mayar ojék online 22000,sim kuring mayar ojék online 22000,22000,22000,True,expense,expense,True,Transportasi,Transportasi,True,,,True,ojék online,ojék,True,IDR,IDR,True,True,"{""amount"": 22000, ""type"": ""expense"", ""category"": ""Transportasi"", ""wallet"": null, ""note"": ""ojék"", ""currency"": ""IDR"", ""confidence"": 0.7}"
VX-SU-002480,test,transport_parkir_bensin,easy,kamari angkot 5000,kamari angkot 5000,5000,5000,True,expense,,False,Transportasi,Transportasi,True,,,True,angkot,angkot,True,IDR,IDR,True,False,"{""amount"": 5000, ""type"": null, ""category"": ""Transportasi"", ""wallet"": null, ""note"": ""angkot"", ""currency"": ""IDR"", ""confidence"": 0.7}"
VX-SU-002490,test,transport_parkir_bensin,easy,tadi bensin 100rb,tadi bensin 100000,100000,100000,True,expense,,False,Transportasi,Transportasi,True,,,True,bensin,bensin,True,IDR,IDR,True,False,"{""amount"": 100000, ""type"": null, ""category"": ""Transportasi"", ""wallet"": null, ""note"": ""bensin"", ""currency"": ""IDR"", ""confidence"": 0.7}"
VX-SU-002500,test,transport_parkir_bensin,easy,urang mayar Rp18.000 keur ojék online,urang mayar 18000 keur ojék online,18000,18000,True,expense,expense,True,Transportasi,Transportasi,True,,,True,ojék online,ojék,True,IDR,IDR,True,True,"{""amount"": 18000, ""type"": ""expense"", ""category"": ""Transportasi"", ""wallet"": null, ""note"": ""ojék"", ""currency"": ""IDR"", ""confidence"": 0.7}"
VX-SU-002510,test,transport_parkir_bensin,easy,kuring mayar tol dua puluh lima rébu,kuring mayar tol 25000,25000,25000,True,expense,expense,True,Transportasi,Transportasi,True,,,True,tol,tol,True,IDR,IDR,True,True,"{""amount"": 25000, ""type"": ""expense"", ""category"": ""Transportasi"", ""wallet"": null, ""note"": ""tol"", ""currency"": ""IDR"", ""confidence"": 0.7}"
VX-SU-002520,test,transport_parkir_bensin,easy,sim kuring mayar lima puluh rebu keur tol,sim kuring mayar 50000 keur tol,50000,50000,True,expense,expense,True,Transportasi,Transportasi,True,,,True,tol,tol,True,IDR,IDR,True,True,"{""amount"": 50000, ""type"": ""expense"", ""category"": ""Transportasi"", ""wallet"": null, ""note"": ""tol"", ""currency"": ""IDR"", ""confidence"": 0.7}"
VX-SU-002530,test,transport_parkir_bensin,easy,sim kuring mayar angkot Rp12.000,sim kuring mayar angkot 12000,12000,12000,True,expense,expense,True,Transportasi,Transportasi,True,,,True,angkot,angkot,True,IDR,IDR,True,True,"{""amount"": 12000, ""type"": ""expense"", ""category"": ""Transportasi"", ""wallet"": null, ""note"": ""angkot"", ""currency"": ""IDR"", ""confidence"": 0.7}"
VX-SU-002540,test,transport_parkir_bensin,easy,poé ieu bensin 30rb,poé ieu bensin 30000,30000,30000,True,expense,,False,Transportasi,Transportasi,True,,,True,bensin,bensin,True,IDR,IDR,True,False,"{""amount"": 30000, ""type"": null, ""category"": ""Transportasi"", ""wallet"": null, ""note"": ""bensin"", ""currency"": ""IDR"", ""confidence"": 0.7}"
VX-SU-002550,test,transport_parkir_bensin,easy,poé ieu mayar 25000 keur tol we,poé ieu mayar 25000 keur tol we,25000,25000,True,expense,expense,True,Transportasi,Transportasi,True,,,True,tol,tol,True,IDR,IDR,True,True,"{""amount"": 25000, ""type"": ""expense"", ""category"": ""Transportasi"", ""wallet"": null, ""note"": ""tol"", ""currency"": ""IDR"", ""confidence"": 0.7}"
VX-SU-002560,test,transport_parkir_bensin,easy,peuting tadi ojék online 12rb,peuting tadi ojék online 12000,12000,12000,True,expense,,False,Transportasi,Transportasi,True,,,True,ojék online,ojék,True,IDR,IDR,True,False,"{""amount"": 12000, ""type"": null, ""category"": ""Transportasi"", ""wallet"": null, ""note"": ""ojék"", ""currency"": ""IDR"", ""confidence"": 0.7}"
VX-SU-002570,test,transport_parkir_bensin,easy,kuring mayar angkot sakitar 5000,kuring mayar angkot sakitar 5000,5000,5000,True,expense,expense,True,Transportasi,Transportasi,True,,,True,angkot,angkot,True,IDR,IDR,True,True,"{""amount"": 5000, ""type"": ""expense"", ""category"": ""Transportasi"", ""wallet"": null, ""note"": ""angkot"", ""currency"": ""IDR"", ""confidence"": 0.7}"
VX-SU-002580,test,transport_parkir_bensin,easy,kuring mayar tol dua puluh rebu deui,kuring mayar tol 20000 deui,20000,20000,True,expense,expense,True,Transportasi,Transportasi,True,,,True,tol,tol,True,IDR,IDR,True,True,"{""amount"": 20000, ""type"": ""expense"", ""category"": ""Transportasi"", ""wallet"": null, ""note"": ""tol"", ""currency"": ""IDR"", ""confidence"": 0.7}"
VX-SU-002590,test,transport_parkir_bensin,easy,urang ngeusian bensin tilu puluh rébu,urang ngeusian bensin 30000,30000,30000,True,expense,expense,True,Transportasi,Transportasi,True,,,True,bensin,bensin,True,IDR,IDR,True,True,"{""amount"": 30000, ""type"": ""expense"", ""category"": ""Transportasi"", ""wallet"": null, ""note"": ""bensin"", ""currency"": ""IDR"", ""confidence"": 0.7}"
VX-SU-002600,test,transport_parkir_bensin,easy,isuk tadi mayar tol dua puluh lima rebu,isuk tadi mayar tol 25000,25000,25000,True,expense,expense,True,Transportasi,Transportasi,True,,,True,tol,tol,True,IDR,IDR,True,True,"{""amount"": 25000, ""type"": ""expense"", ""category"": ""Transportasi"", ""wallet"": null, ""note"": ""tol"", ""currency"": ""IDR"", ""confidence"": 0.7}"
VX-SU-002610,test,transport_parkir_bensin,easy,minggu ieu angkot dua belas rebu,minggu ieu angkot 12000,12000,12000,True,expense,,False,Transportasi,Transportasi,True,,,True,angkot,angkot,True,IDR,IDR,True,False,"{""amount"": 12000, ""type"": null, ""category"": ""Transportasi"", ""wallet"": null, ""note"": ""angkot"", ""currency"": ""IDR"", ""confidence"": 0.7}"
VX-SU-002620,test,transport_parkir_bensin,easy,kuring parkir motor 10000,kuring parkir motor 10000,10000,10000,True,expense,,False,Transportasi,Transportasi,True,,,True,parkir motor,parkir,True,IDR,IDR,True,False,"{""amount"": 10000, ""type"": null, ""category"": ""Transportasi"", ""wallet"": null, ""note"": ""parkir"", ""currency"": ""IDR"", ""confidence"": 0.7}"
VX-SU-002630,test,transport_parkir_bensin,easy,minggu ieu meuli bensin 100000,minggu ieu meuli bensin 100000,100000,100000,True,expense,expense,True,Transportasi,Transportasi,True,,,True,bensin,bensin,True,IDR,IDR,True,True,"{""amount"": 100000, ""type"": ""expense"", ""category"": ""Transportasi"", ""wallet"": null, ""note"": ""bensin"", ""currency"": ""IDR"", ""confidence"": 0.7}"
VX-SU-002640,test,transport_parkir_bensin,easy,isuk tadi mayar 10000 keur angkot atuh,isuk tadi mayar 10000 keur angkot atuh,10000,10000,True,expense,expense,True,Transportasi,Transportasi,True,,,True,angkot,angkot,True,IDR,IDR,True,True,"{""amount"": 10000, ""type"": ""expense"", ""category"": ""Transportasi"", ""wallet"": null, ""note"": ""angkot"", ""currency"": ""IDR"", ""confidence"": 0.7}"
VX-SU-002650,test,transport_parkir_bensin,easy,minggu ieu mayar tol 15000,minggu ieu mayar tol 15000,15000,15000,True,expense,expense,True,Transportasi,Transportasi,True,,,True,tol,tol,True,IDR,IDR,True,True,"{""amount"": 15000, ""type"": ""expense"", ""category"": ""Transportasi"", ""wallet"": null, ""note"": ""tol"", ""currency"": ""IDR"", ""confidence"": 0.7}"
VX-SU-002660,test,transport_parkir_bensin,easy,urang mayar 2000 keur parkir motor,urang mayar 2000 keur parkir motor,2000,2000,True,expense,expense,True,Transportasi,Transportasi,True,,,True,parkir motor,parkir,True,IDR,IDR,True,True,"{""amount"": 2000, ""type"": ""expense"", ""category"": ""Transportasi"", ""wallet"": null, ""note"": ""parkir"", ""currency"": ""IDR"", ""confidence"": 0.7}"
VX-SU-002670,test,transport_parkir_bensin,easy,sim kuring mayar angkot sakitar lima rebu,sim kuring mayar angkot sakitar 5000,5000,5000,True,expense,expense,True,Transportasi,Transportasi,True,,,True,angkot,angkot,True,IDR,IDR,True,True,"{""amount"": 5000, ""type"": ""expense"", ""category"": ""Transportasi"", ""wallet"": null, ""note"": ""angkot"", ""currency"": ""IDR"", ""confidence"": 0.7}"
VX-SU-002680,test,transport_parkir_bensin,easy,tadi mayar dalapan belas rébu keur ojék online,tadi mayar 18000 keur ojék online,18000,18000,True,expense,expense,True,Transportasi,Transportasi,True,,,True,ojék online,ojék,True,IDR,IDR,True,True,"{""amount"": 18000, ""type"": ""expense"", ""category"": ""Transportasi"", ""wallet"": null, ""note"": ""ojék"", ""currency"": ""IDR"", ""confidence"": 0.7}"
VX-SU-002690,test,transport_parkir_bensin,easy,mayar tujuh rébu keur angkot,mayar 7000 keur angkot,7000,7000,True,expense,expense,True,Transportasi,Transportasi,True,,,True,angkot,angkot,True,IDR,IDR,True,True,"{""amount"": 7000, ""type"": ""expense"", ""category"": ""Transportasi"", ""wallet"": null, ""note"": ""angkot"", ""currency"": ""IDR"", ""confidence"": 0.7}"
VX-SU-002700,test,transport_parkir_bensin,easy,kuring parkir motor 3rb,kuring parkir motor 3000,3000,3000,True,expense,,False,Transportasi,Transportasi,True,,,True,parkir motor,parkir,True,IDR,IDR,True,False,"{""amount"": 3000, ""type"": null, ""category"": ""Transportasi"", ""wallet"": null, ""note"": ""parkir"", ""currency"": ""IDR"", ""confidence"": 0.7}"
VX-SU-002710,test,transport_parkir_bensin,easy,sim kuring mayar angkot dua belas rebu,sim kuring mayar angkot 12000,12000,12000,True,expense,expense,True,Transportasi,Transportasi,True,,,True,angkot,angkot,True,IDR,IDR,True,True,"{""amount"": 12000, ""type"": ""expense"", ""category"": ""Transportasi"", ""wallet"": null, ""note"": ""angkot"", ""currency"": ""IDR"", ""confidence"": 0.7}"
VX-SU-002720,test,transport_parkir_bensin,easy,isuk tadi mayar ojék online dua puluh dua rébu,isuk tadi mayar ojék online 22000,22000,22000,True,expense,expense,True,Transportasi,Transportasi,True,,,True,ojék online,ojék,True,IDR,IDR,True,True,"{""amount"": 22000, ""type"": ""expense"", ""category"": ""Transportasi"", ""wallet"": null, ""note"": ""ojék"", ""currency"": ""IDR"", ""confidence"": 0.7}"
VX-SU-002730,test,transport_parkir_bensin,easy,parkir motor tujuh rebu,parkir motor 7000,7000,7000,True,expense,,False,Transportasi,Transportasi,True,,,True,parkir motor,parkir,True,IDR,IDR,True,False,"{""amount"": 7000, ""type"": null, ""category"": ""Transportasi"", ""wallet"": null, ""note"": ""parkir"", ""currency"": ""IDR"", ""confidence"": 0.7}"
VX-SU-002740,test,transport_parkir_bensin,easy,kamari mayar ojék online 30rb nya,kamari mayar ojék online 30000 nya,30000,30000,True,expense,expense,True,Transportasi,Transportasi,True,,,True,ojék online,ojék,True,IDR,IDR,True,True,"{""amount"": 30000, ""type"": ""expense"", ""category"": ""Transportasi"", ""wallet"": null, ""note"": ""ojék"", ""currency"": ""IDR"", ""confidence"": 0.7}"
VX-SU-002750,test,transport_parkir_bensin,easy,poé ieu mayar 18000 keur ojék online atuh,poé ieu mayar 18000 keur ojék online atuh,18000,18000,True,expense,expense,True,Transportasi,Transportasi,True,,,True,ojék online,ojék,True,IDR,IDR,True,True,"{""amount"": 18000, ""type"": ""expense"", ""category"": ""Transportasi"", ""wallet"": null, ""note"": ""ojék"", ""currency"": ""IDR"", ""confidence"": 0.7}"
VX-SU-002760,test,transport_parkir_bensin,easy,sim kuring meuli tujuh puluh lima rébu keur bensin,sim kuring meuli 75000 keur bensin,75000,75000,True,expense,expense,True,Transportasi,Transportasi,True,,,True,bensin,bensin,True,IDR,IDR,True,True,"{""amount"": 75000, ""type"": ""expense"", ""category"": ""Transportasi"", ""wallet"": null, ""note"": ""bensin"", ""currency"": ""IDR"", ""confidence"": 0.7}"
VX-SU-002770,test,transport_parkir_bensin,easy,tol lima puluh rebu,tol 50000,50000,50000,True,expense,,False,Transportasi,Transportasi,True,,,True,tol,tol,True,IDR,IDR,True,False,"{""amount"": 50000, ""type"": null, ""category"": ""Transportasi"", ""wallet"": null, ""note"": ""tol"", ""currency"": ""IDR"", ""confidence"": 0.7}"
VX-SU-002780,test,transport_parkir_bensin,easy,isuk tadi mayar Rp50.000 keur tol,isuk tadi mayar 50000 keur tol,50000,50000,True,expense,expense,True,Transportasi,Transportasi,True,,,True,tol,tol,True,IDR,IDR,True,True,"{""amount"": 50000, ""type"": ""expense"", ""category"": ""Transportasi"", ""wallet"": null, ""note"": ""tol"", ""currency"": ""IDR"", ""confidence"": 0.7}"
VX-SU-002790,test,transport_parkir_bensin,easy,tadi mayar angkot sakitar Rp10.000,tadi mayar angkot sakitar 10000,10000,10000,True,expense,expense,True,Transportasi,Transportasi,True,,,True,angkot,angkot,True,IDR,IDR,True,True,"{""amount"": 10000, ""type"": ""expense"", ""category"": ""Transportasi"", ""wallet"": null, ""note"": ""angkot"", ""currency"": ""IDR"", ""confidence"": 0.7}"
VX-SU-002800,test,transport_parkir_bensin,easy,tol 25000,tol 25000,25000,25000,True,expense,,False,Transportasi,Transportasi,True,,,True,tol,tol,True,IDR,IDR,True,False,"{""amount"": 25000, ""type"": null, ""category"": ""Transportasi"", ""wallet"": null, ""note"": ""tol"", ""currency"": ""IDR"", ""confidence"": 0.7}"
VX-SU-002810,test,wallet_mention,medium,peuting tadi ngalereskeun bug aplikasi asup saratus rébu ka shopeepay,peuting tadi ngalereskeun bug aplikasi asup 100000 ka ShopeePay,100000,100000,True,income,income,True,Freelance,Freelance,True,ShopeePay,ShopeePay,True,fix bug aplikasi,bug aplikasi,True,IDR,IDR,True,True,"{""amount"": 100000, ""type"": ""income"", ""category"": ""Freelance"", ""wallet"": ""ShopeePay"", ""note"": ""bug aplikasi"", ""currency"": ""IDR"", ""confidence"": 0.7}"
VX-SU-002820,test,wallet_mention,medium,aya duit asup tujuh ratus lima puluh rébu tina bonus damel ka bri,aya duit asup 750000 tina bonus damel ka BRI,750000,750000,True,income,income,True,Gaji,Gaji,True,BRI,BRI,True,bonus damel,bonus damel,True,IDR,IDR,True,True,"{""amount"": 750000, ""type"": ""income"", ""category"": ""Gaji"", ""wallet"": ""BRI"", ""note"": ""bonus damel"", ""currency"": ""IDR"", ""confidence"": 0.7}"
VX-SU-002830,test,wallet_mention,medium,kuring aya duit asup dua ratus lima puluh rebu tina bonus damel ka ovo,kuring aya duit asup 250000 tina bonus damel ka OVO,250000,250000,True,income,income,True,Gaji,Gaji,True,OVO,OVO,True,bonus damel,bonus damel,True,IDR,IDR,True,True,"{""amount"": 250000, ""type"": ""income"", ""category"": ""Gaji"", ""wallet"": ""OVO"", ""note"": ""bonus damel"", ""currency"": ""IDR"", ""confidence"": 0.7}"
VX-SU-002840,test,wallet_mention,medium,urang nampi bayaran desain logo saratus lima puluh rebu ka bri,urang nampi bayaran desain logo 150000 ka BRI,150000,150000,True,income,income,True,Freelance,Freelance,True,BRI,BRI,True,desain logo,desain,True,IDR,IDR,True,True,"{""amount"": 150000, ""type"": ""income"", ""category"": ""Freelance"", ""wallet"": ""BRI"", ""note"": ""desain"", ""currency"": ""IDR"", ""confidence"": 0.7}"
VX-SU-002850,test,wallet_mention,medium,minggu ieu nampi bayaran saratus rebu tina ngalereskeun bug aplikasi ka ovo,minggu ieu nampi bayaran 100000 tina ngalereskeun bug aplikasi ka OVO,100000,100000,True,income,income,True,Freelance,Freelance,True,OVO,OVO,True,fix bug aplikasi,bug aplikasi,True,IDR,IDR,True,True,"{""amount"": 100000, ""type"": ""income"", ""category"": ""Freelance"", ""wallet"": ""OVO"", ""note"": ""bug aplikasi"", ""currency"": ""IDR"", ""confidence"": 0.7}"
VX-SU-002860,test,wallet_mention,medium,kuring game 150rb tina cash,kuring game 150000 tina Cash,150000,150000,True,expense,,False,Hiburan,Hiburan,True,Cash,Cash,True,game,game,True,IDR,IDR,True,False,"{""amount"": 150000, ""type"": null, ""category"": ""Hiburan"", ""wallet"": ""Cash"", ""note"": ""game"", ""currency"": ""IDR"", ""confidence"": 0.7}"
VX-SU-002870,test,wallet_mention,medium,tadi nampi 750rb tina bonus damel ka dana,tadi nampi 750000 tina bonus damel ka Dana,750000,750000,True,income,income,True,Gaji,Gaji,True,Dana,Dana,True,bonus damel,bonus damel,True,IDR,IDR,True,True,"{""amount"": 750000, ""type"": ""income"", ""category"": ""Gaji"", ""wallet"": ""Dana"", ""note"": ""bonus damel"", ""currency"": ""IDR"", ""confidence"": 0.7}"
VX-SU-002880,test,wallet_mention,medium,mésér pulsa Rp25.000 tina gopay,mésér pulsa 25000 tina GoPay,25000,25000,True,expense,expense,True,Tagihan & Utilitas,Tagihan & Utilitas,True,GoPay,GoPay,True,pulsa,pulsa,True,IDR,IDR,True,True,"{""amount"": 25000, ""type"": ""expense"", ""category"": ""Tagihan & Utilitas"", ""wallet"": ""GoPay"", ""note"": ""pulsa"", ""currency"": ""IDR"", ""confidence"": 0.7}"
VX-SU-002890,test,wallet_mention,medium,poé ieu mésér vitamin sakitar 30rb tina shopeepay,poé ieu mésér vitamin sakitar 30000 tina ShopeePay,30000,30000,True,expense,expense,True,Kesehatan,Kesehatan,True,ShopeePay,ShopeePay,True,vitamin,vitamin,True,IDR,IDR,True,True,"{""amount"": 30000, ""type"": ""expense"", ""category"": ""Kesehatan"", ""wallet"": ""ShopeePay"", ""note"": ""vitamin"", ""currency"": ""IDR"", ""confidence"": 0.7}"
VX-SU-002900,test,wallet_mention,medium,minggu ieu ngadamel website asup Rp1.000.000 ka cash,minggu ieu ngadamel website asup 1000000 ka Cash,1000000,1000000,True,income,income,True,Freelance,Freelance,True,Cash,Cash,True,ngadamel website,website,True,IDR,IDR,True,True,"{""amount"": 1000000, ""type"": ""income"", ""category"": ""Freelance"", ""wallet"": ""Cash"", ""note"": ""website"", ""currency"": ""IDR"", ""confidence"": 0.7}"
VX-SU-002910,test,wallet_mention,medium,mayar cai sakitar saratus rébu tina ovo,mayar cai sakitar 100000 tina OVO,100000,100000,True,expense,expense,True,Tagihan & Utilitas,Tagihan & Utilitas,True,OVO,OVO,True,tagihan cai,cai,True,IDR,IDR,True,True,"{""amount"": 100000, ""type"": ""expense"", ""category"": ""Tagihan & Utilitas"", ""wallet"": ""OVO"", ""note"": ""cai"", ""currency"": ""IDR"", ""confidence"": 0.7}"
VX-SU-002920,test,wallet_mention,medium,kamari mayar kuota internét 100rb tina shopeepay,kamari mayar kuota internét 100000 tina ShopeePay,100000,100000,True,expense,expense,True,Tagihan & Utilitas,Tagihan & Utilitas,True,ShopeePay,ShopeePay,True,kuota internét,kuota,True,IDR,IDR,True,True,"{""amount"": 100000, ""type"": ""expense"", ""category"": ""Tagihan & Utilitas"", ""wallet"": ""ShopeePay"", ""note"": ""kuota"", ""currency"": ""IDR"", ""confidence"": 0.7}"
VX-SU-002930,test,wallet_mention,medium,mésér sapuluh rébu keur alat tulis tina gopay,mésér 10000 keur alat tulis tina GoPay,10000,10000,True,expense,expense,True,Belanja,Belanja,True,GoPay,GoPay,True,alat tulis,alat tulis,True,IDR,IDR,True,True,"{""amount"": 10000, ""type"": ""expense"", ""category"": ""Belanja"", ""wallet"": ""GoPay"", ""note"": ""alat tulis"", ""currency"": ""IDR"", ""confidence"": 0.7}"
VX-SU-002940,test,wallet_mention,medium,sampo 18rb tina dana,sampo 18000 tina Dana,18000,18000,True,expense,,False,Belanja,Belanja,True,Dana,Dana,True,sampo,sampo,True,IDR,IDR,True,False,"{""amount"": 18000, ""type"": null, ""category"": ""Belanja"", ""wallet"": ""Dana"", ""note"": ""sampo"", ""currency"": ""IDR"", ""confidence"": 0.7}"
VX-SU-002950,test,wallet_mention,medium,poé ieu meunang duit tina proyék freelance hiji juta lima ratus rébu ka cash,poé ieu meunang duit tina proyék freelance 1500000 ka Cash,1500000,1500000,True,income,income,True,Freelance,Freelance,True,Cash,Cash,True,proyék freelance,freelance,True,IDR,IDR,True,True,"{""amount"": 1500000, ""type"": ""income"", ""category"": ""Freelance"", ""wallet"": ""Cash"", ""note"": ""freelance"", ""currency"": ""IDR"", ""confidence"": 0.7}"
VX-SU-002960,test,wallet_mention,medium,tadi narima 2500000 tina gajih ka bca,tadi narima 2500000 tina gajih ka BCA,2500000,2500000,True,income,income,True,Gaji,Gaji,True,BCA,BCA,True,gajih,gajih,True,IDR,IDR,True,True,"{""amount"": 2500000, ""type"": ""income"", ""category"": ""Gaji"", ""wallet"": ""BCA"", ""note"": ""gajih"", ""currency"": ""IDR"", ""confidence"": 0.7}"
VX-SU-002970,test,wallet_mention,medium,poé ieu ngalereskeun bug aplikasi asup tilu ratus lima puluh rebu ka gopay,poé ieu ngalereskeun bug aplikasi asup 350000 ka GoPay,350000,350000,True,income,income,True,Freelance,Freelance,True,GoPay,GoPay,True,fix bug aplikasi,bug aplikasi,True,IDR,IDR,True,True,"{""amount"": 350000, ""type"": ""income"", ""category"": ""Freelance"", ""wallet"": ""GoPay"", ""note"": ""bug aplikasi"", ""currency"": ""IDR"", ""confidence"": 0.7}"
VX-SU-002980,test,wallet_mention,medium,poé ieu aya duit asup 1500000 tina ngadamel website ka cash,poé ieu aya duit asup 1500000 tina ngadamel website ka Cash,1500000,1500000,True,income,income,True,Freelance,Freelance,True,Cash,Cash,True,ngadamel website,website,True,IDR,IDR,True,True,"{""amount"": 1500000, ""type"": ""income"", ""category"": ""Freelance"", ""wallet"": ""Cash"", ""note"": ""website"", ""currency"": ""IDR"", ""confidence"": 0.7}"
VX-SU-002990,test,wallet_mention,medium,tadi nampi tujuh ratus lima puluh rebu tina bonus damel ka mandiri,tadi nampi 750000 tina bonus damel ka Mandiri,750000,750000,True,income,income,True,Gaji,Gaji,True,Mandiri,Mandiri,True,bonus damel,bonus damel,True,IDR,IDR,True,True,"{""amount"": 750000, ""type"": ""income"", ""category"": ""Gaji"", ""wallet"": ""Mandiri"", ""note"": ""bonus damel"", ""currency"": ""IDR"", ""confidence"": 0.7}"
VX-SU-003000,test,wallet_mention,medium,abdi aya duit asup dua juta tina gajih ka gopay,abdi aya duit asup 2000000 tina gajih ka GoPay,2000000,2000000,True,income,income,True,Gaji,Gaji,True,GoPay,GoPay,True,gajih,gajih,True,IDR,IDR,True,True,"{""amount"": 2000000, ""type"": ""income"", ""category"": ""Gaji"", ""wallet"": ""GoPay"", ""note"": ""gajih"", ""currency"": ""IDR"", ""confidence"": 0.7}"
VX-SU-003010,test,wallet_mention,medium,abdi meuli lima belas rébu keur baso tina mandiri,abdi meuli 15000 keur baso tina Mandiri,15000,15000,True,expense,expense,True,Makan & Minum,Makan & Minum,True,Mandiri,Mandiri,True,baso,baso,True,IDR,IDR,True,True,"{""amount"": 15000, ""type"": ""expense"", ""category"": ""Makan & Minum"", ""wallet"": ""Mandiri"", ""note"": ""baso"", ""currency"": ""IDR"", ""confidence"": 0.7}"
VX-SU-003020,test,wallet_mention,medium,abdi desain logo asup tilu ratus rébu ka bca,abdi desain logo asup 300000 ka BCA,300000,300000,True,income,income,True,Freelance,Freelance,True,BCA,BCA,True,desain logo,desain,True,IDR,IDR,True,True,"{""amount"": 300000, ""type"": ""income"", ""category"": ""Freelance"", ""wallet"": ""BCA"", ""note"": ""desain"", ""currency"": ""IDR"", ""confidence"": 0.7}"
VX-SU-003030,test,wallet_mention,medium,poé ieu mayar ojék online Rp18.000 tina mandiri,poé ieu mayar ojék online 18000 tina Mandiri,18000,18000,True,expense,expense,True,Transportasi,Transportasi,True,Mandiri,Mandiri,True,ojék online,ojék,True,IDR,IDR,True,True,"{""amount"": 18000, ""type"": ""expense"", ""category"": ""Transportasi"", ""wallet"": ""Mandiri"", ""note"": ""ojék"", ""currency"": ""IDR"", ""confidence"": 0.7}"
VX-SU-003040,test,wallet_mention,medium,abdi mayar 50000 keur listrik tina gopay,abdi mayar 50000 keur listrik tina GoPay,50000,50000,True,expense,expense,True,Tagihan & Utilitas,Tagihan & Utilitas,True,GoPay,GoPay,True,listrik,listrik,True,IDR,IDR,True,True,"{""amount"": 50000, ""type"": ""expense"", ""category"": ""Tagihan & Utilitas"", ""wallet"": ""GoPay"", ""note"": ""listrik"", ""currency"": ""IDR"", ""confidence"": 0.7}"
VX-SU-003050,test,wallet_mention,medium,urang narima gajih Rp1.500.000 ka dana,urang narima gajih 1500000 ka Dana,1500000,1500000,True,income,income,True,Gaji,Gaji,True,Dana,Dana,True,gajih,gajih,True,IDR,IDR,True,True,"{""amount"": 1500000, ""type"": ""income"", ""category"": ""Gaji"", ""wallet"": ""Dana"", ""note"": ""gajih"", ""currency"": ""IDR"", ""confidence"": 0.7}"
VX-SU-003060,test,wallet_mention,medium,mayar balanja bulanan Rp250.000 tina gopay,mayar balanja bulanan 250000 tina GoPay,250000,250000,True,expense,expense,True,Belanja,Belanja,True,GoPay,GoPay,True,balanja bulanan,balanja,True,IDR,IDR,True,True,"{""amount"": 250000, ""type"": ""expense"", ""category"": ""Belanja"", ""wallet"": ""GoPay"", ""note"": ""balanja"", ""currency"": ""IDR"", ""confidence"": 0.7}"
VX-SU-003070,test,wallet_mention,medium,urang mayar lima puluh rebu keur karaoke tina shopeepay,urang mayar 50000 keur karaoke tina ShopeePay,50000,50000,True,expense,expense,True,Hiburan,Hiburan,True,ShopeePay,ShopeePay,True,karaoke,karaoke,True,IDR,IDR,True,True,"{""amount"": 50000, ""type"": ""expense"", ""category"": ""Hiburan"", ""wallet"": ""ShopeePay"", ""note"": ""karaoke"", ""currency"": ""IDR"", ""confidence"": 0.7}"
VX-SU-003080,test,wallet_mention,medium,minggu ieu aya duit asup hiji juta tina proyék freelance ka bca,minggu ieu aya duit asup 1000000 tina proyék freelance ka BCA,1000000,1000000,True,income,income,True,Freelance,Freelance,True,BCA,BCA,True,proyék freelance,freelance,True,IDR,IDR,True,True,"{""amount"": 1000000, ""type"": ""income"", ""category"": ""Freelance"", ""wallet"": ""BCA"", ""note"": ""freelance"", ""currency"": ""IDR"", ""confidence"": 0.7}"
VX-SU-003090,test,wallet_mention,medium,kamari asup 500000 tina duit bulanan ka cash,kamari asup 500000 tina duit bulanan ka Cash,500000,500000,True,income,income,True,Gaji,Gaji,True,Cash,Cash,True,duit bulanan,duit bulanan,True,IDR,IDR,True,True,"{""amount"": 500000, ""type"": ""income"", ""category"": ""Gaji"", ""wallet"": ""Cash"", ""note"": ""duit bulanan"", ""currency"": ""IDR"", ""confidence"": 0.7}"
VX-SU-003100,test,wallet_mention,medium,mésér roti sakitar 15000 tina cash,mésér roti sakitar 15000 tina Cash,15000,15000,True,expense,expense,True,Makan & Minum,Makan & Minum,True,Cash,Cash,True,roti,roti,True,IDR,IDR,True,True,"{""amount"": 15000, ""type"": ""expense"", ""category"": ""Makan & Minum"", ""wallet"": ""Cash"", ""note"": ""roti"", ""currency"": ""IDR"", ""confidence"": 0.7}"
VX-SU-003110,test,wallet_mention,medium,minggu ieu aya duit asup 300rb tina desain logo ka bri,minggu ieu aya duit asup 300000 tina desain logo ka BRI,300000,300000,True,income,income,True,Freelance,Freelance,True,BRI,BRI,True,desain logo,desain,True,IDR,IDR,True,True,"{""amount"": 300000, ""type"": ""income"", ""category"": ""Freelance"", ""wallet"": ""BRI"", ""note"": ""desain"", ""currency"": ""IDR"", ""confidence"": 0.7}"
VX-SU-003120,test,wallet_mention,medium,nampi bayaran 200000 tina ngalereskeun bug aplikasi ka shopeepay,nampi bayaran 200000 tina ngalereskeun bug aplikasi ka ShopeePay,200000,200000,True,income,income,True,Freelance,Freelance,True,ShopeePay,ShopeePay,True,fix bug aplikasi,bug aplikasi,True,IDR,IDR,True,True,"{""amount"": 200000, ""type"": ""income"", ""category"": ""Freelance"", ""wallet"": ""ShopeePay"", ""note"": ""bug aplikasi"", ""currency"": ""IDR"", ""confidence"": 0.7}"
VX-SU-003130,test,wallet_mention,medium,peuting tadi asup 3500rb tina gajih ka mandiri,peuting tadi asup 3500000 tina gajih ka Mandiri,3500000,3500000,True,income,income,True,Gaji,Gaji,True,Mandiri,Mandiri,True,gajih,gajih,True,IDR,IDR,True,True,"{""amount"": 3500000, ""type"": ""income"", ""category"": ""Gaji"", ""wallet"": ""Mandiri"", ""note"": ""gajih"", ""currency"": ""IDR"", ""confidence"": 0.7}"
VX-SU-003140,test,wallet_mention,medium,isuk tadi mésér 30000 keur vitamin tina cash,isuk tadi mésér 30000 keur vitamin tina Cash,30000,30000,True,expense,expense,True,Kesehatan,Kesehatan,True,Cash,Cash,True,vitamin,vitamin,True,IDR,IDR,True,True,"{""amount"": 30000, ""type"": ""expense"", ""category"": ""Kesehatan"", ""wallet"": ""Cash"", ""note"": ""vitamin"", ""currency"": ""IDR"", ""confidence"": 0.7}"
VX-SU-003150,test,wallet_mention,medium,kamari aya duit asup 250000 tina bonus damel ka cash,kamari aya duit asup 250000 tina bonus damel ka Cash,250000,250000,True,income,income,True,Gaji,Gaji,True,Cash,Cash,True,bonus damel,bonus damel,True,IDR,IDR,True,True,"{""amount"": 250000, ""type"": ""income"", ""category"": ""Gaji"", ""wallet"": ""Cash"", ""note"": ""bonus damel"", ""currency"": ""IDR"", ""confidence"": 0.7}"
VX-SU-003160,test,wallet_mention,medium,abdi dibayar proyék freelance Rp1.000.000 ka shopeepay,abdi dibayar proyék freelance 1000000 ka ShopeePay,1000000,1000000,True,income,income,True,Freelance,Freelance,True,ShopeePay,ShopeePay,True,proyék freelance,freelance,True,IDR,IDR,True,True,"{""amount"": 1000000, ""type"": ""income"", ""category"": ""Freelance"", ""wallet"": ""ShopeePay"", ""note"": ""freelance"", ""currency"": ""IDR"", ""confidence"": 0.7}"
VX-SU-003170,test,wallet_mention,medium,poé ieu aya duit asup 1500rb tina proyék freelance ka bca,poé ieu aya duit asup 1500000 tina proyék freelance ka BCA,1500000,1500000,True,income,income,True,Freelance,Freelance,True,BCA,BCA,True,proyék freelance,freelance,True,IDR,IDR,True,True,"{""amount"": 1500000, ""type"": ""income"", ""category"": ""Freelance"", ""wallet"": ""BCA"", ""note"": ""freelance"", ""currency"": ""IDR"", ""confidence"": 0.7}"
VX-SU-003180,test,wallet_mention,medium,poé ieu mayar balanja bulanan sakitar tilu ratus rébu tina cash,poé ieu mayar balanja bulanan sakitar 300000 tina Cash,300000,300000,True,expense,expense,True,Belanja,Belanja,True,Cash,Cash,True,balanja bulanan,balanja,True,IDR,IDR,True,True,"{""amount"": 300000, ""type"": ""expense"", ""category"": ""Belanja"", ""wallet"": ""Cash"", ""note"": ""balanja"", ""currency"": ""IDR"", ""confidence"": 0.7}"
VX-SU-003190,test,wallet_mention,medium,isuk tadi aya duit asup 200rb tina ngalereskeun bug aplikasi ka gopay,isuk tadi aya duit asup 200000 tina ngalereskeun bug aplikasi ka GoPay,200000,200000,True,income,income,True,Freelance,Freelance,True,GoPay,GoPay,True,fix bug aplikasi,bug aplikasi,True,IDR,IDR,True,True,"{""amount"": 200000, ""type"": ""income"", ""category"": ""Freelance"", ""wallet"": ""GoPay"", ""note"": ""bug aplikasi"", ""currency"": ""IDR"", ""confidence"": 0.7}"
VX-SU-003200,test,wallet_mention,medium,abdi mayar tol sakitar dua puluh rebu tina mandiri,abdi mayar tol sakitar 20000 tina Mandiri,20000,20000,True,expense,expense,True,Transportasi,Transportasi,True,Mandiri,Mandiri,True,tol,tol,True,IDR,IDR,True,True,"{""amount"": 20000, ""type"": ""expense"", ""category"": ""Transportasi"", ""wallet"": ""Mandiri"", ""note"": ""tol"", ""currency"": ""IDR"", ""confidence"": 0.7}"
VX-SU-003210,test,wallet_mention,medium,tadi bonus damel asup tujuh ratus lima puluh rebu ka bca,tadi bonus damel asup 750000 ka BCA,750000,750000,True,income,income,True,Gaji,Gaji,True,BCA,BCA,True,bonus damel,bonus damel,True,IDR,IDR,True,True,"{""amount"": 750000, ""type"": ""income"", ""category"": ""Gaji"", ""wallet"": ""BCA"", ""note"": ""bonus damel"", ""currency"": ""IDR"", ""confidence"": 0.7}"
VX-SU-003220,test,wallet_mention,medium,kuring meunang Rp1.000.000 tina duit bulanan ka ovo,kuring meunang 1000000 tina duit bulanan ka OVO,1000000,1000000,True,income,income,True,Gaji,Gaji,True,OVO,OVO,True,duit bulanan,duit bulanan,True,IDR,IDR,True,True,"{""amount"": 1000000, ""type"": ""income"", ""category"": ""Gaji"", ""wallet"": ""OVO"", ""note"": ""duit bulanan"", ""currency"": ""IDR"", ""confidence"": 0.7}"
VX-SU-003230,test,wallet_mention,medium,kuring desain logo asup Rp300.000 ka dana,kuring desain logo asup 300000 ka Dana,300000,300000,True,income,income,True,Freelance,Freelance,True,Dana,Dana,True,desain logo,desain,True,IDR,IDR,True,True,"{""amount"": 300000, ""type"": ""income"", ""category"": ""Freelance"", ""wallet"": ""Dana"", ""note"": ""desain"", ""currency"": ""IDR"", ""confidence"": 0.7}"
VX-SU-003240,test,wallet_mention,medium,kamari bonus damel asup 1000rb ka mandiri,kamari bonus damel asup 1000000 ka Mandiri,1000000,1000000,True,income,income,True,Gaji,Gaji,True,Mandiri,Mandiri,True,bonus damel,bonus damel,True,IDR,IDR,True,True,"{""amount"": 1000000, ""type"": ""income"", ""category"": ""Gaji"", ""wallet"": ""Mandiri"", ""note"": ""bonus damel"", ""currency"": ""IDR"", ""confidence"": 0.7}"
VX-SU-003250,test,wallet_mention,medium,ngalereskeun bug aplikasi asup dua ratus rébu ka shopeepay,ngalereskeun bug aplikasi asup 200000 ka ShopeePay,200000,200000,True,income,income,True,Freelance,Freelance,True,ShopeePay,ShopeePay,True,fix bug aplikasi,bug aplikasi,True,IDR,IDR,True,True,"{""amount"": 200000, ""type"": ""income"", ""category"": ""Freelance"", ""wallet"": ""ShopeePay"", ""note"": ""bug aplikasi"", ""currency"": ""IDR"", ""confidence"": 0.7}"
VX-SU-003260,test,wallet_mention,medium,kamari mésér 100000 keur pulsa tina cash,kamari mésér 100000 keur pulsa tina Cash,100000,100000,True,expense,expense,True,Tagihan & Utilitas,Tagihan & Utilitas,True,Cash,Cash,True,pulsa,pulsa,True,IDR,IDR,True,True,"{""amount"": 100000, ""type"": ""expense"", ""category"": ""Tagihan & Utilitas"", ""wallet"": ""Cash"", ""note"": ""pulsa"", ""currency"": ""IDR"", ""confidence"": 0.7}"
VX-SU-003270,test,wallet_mention,medium,isuk tadi aya duit asup Rp3.500.000 tina gajih ka cash,isuk tadi aya duit asup 3500000 tina gajih ka Cash,3500000,3500000,True,income,income,True,Gaji,Gaji,True,Cash,Cash,True,gajih,gajih,True,IDR,IDR,True,True,"{""amount"": 3500000, ""type"": ""income"", ""category"": ""Gaji"", ""wallet"": ""Cash"", ""note"": ""gajih"", ""currency"": ""IDR"", ""confidence"": 0.7}"
VX-SU-003280,test,wallet_mention,medium,tadi aya duit asup lima ratus rébu tina ngalereskeun bug aplikasi ka dana,tadi aya duit asup 500000 tina ngalereskeun bug aplikasi ka Dana,500000,500000,True,income,income,True,Freelance,Freelance,True,Dana,Dana,True,fix bug aplikasi,bug aplikasi,True,IDR,IDR,True,True,"{""amount"": 500000, ""type"": ""income"", ""category"": ""Freelance"", ""wallet"": ""Dana"", ""note"": ""bug aplikasi"", ""currency"": ""IDR"", ""confidence"": 0.7}"
VX-SU-003290,test,wallet_mention,medium,tadi dibayar Rp350.000 tina ngalereskeun bug aplikasi ka bri,tadi dibayar 350000 tina ngalereskeun bug aplikasi ka BRI,350000,350000,True,income,income,True,Freelance,Freelance,True,BRI,BRI,True,fix bug aplikasi,bug aplikasi,True,IDR,IDR,True,True,"{""amount"": 350000, ""type"": ""income"", ""category"": ""Freelance"", ""wallet"": ""BRI"", ""note"": ""bug aplikasi"", ""currency"": ""IDR"", ""confidence"": 0.7}"
VX-SU-003300,test,wallet_mention,medium,minggu ieu aya duit asup 1000000 tina duit bulanan ka cash,minggu ieu aya duit asup 1000000 tina duit bulanan ka Cash,1000000,1000000,True,income,income,True,Gaji,Gaji,True,Cash,Cash,True,duit bulanan,duit bulanan,True,IDR,IDR,True,True,"{""amount"": 1000000, ""type"": ""income"", ""category"": ""Gaji"", ""wallet"": ""Cash"", ""note"": ""duit bulanan"", ""currency"": ""IDR"", ""confidence"": 0.7}"
VX-SU-003310,test,sundanese_daily_conversation,easy,meuli bensin tujuh puluh lima rebu,meuli bensin 75000,75000,75000,True,expense,expense,True,Transportasi,Transportasi,True,,,True,bensin,bensin,True,IDR,IDR,True,True,"{""amount"": 75000, ""type"": ""expense"", ""category"": ""Transportasi"", ""wallet"": null, ""note"": ""bensin"", ""currency"": ""IDR"", ""confidence"": 0.7}"
VX-SU-003320,test,sundanese_daily_conversation,easy,peuting tadi nampi bayaran desain logo 150rb,peuting tadi nampi bayaran desain logo 150000,150000,150000,True,income,income,True,Freelance,Freelance,True,,,True,desain logo,desain,True,IDR,IDR,True,True,"{""amount"": 150000, ""type"": ""income"", ""category"": ""Freelance"", ""wallet"": null, ""note"": ""desain"", ""currency"": ""IDR"", ""confidence"": 0.7}"
VX-SU-003330,test,sundanese_daily_conversation,easy,tadi mayar dua belas rebu keur ojék online,tadi mayar 12000 keur ojék online,12000,12000,True,expense,expense,True,Transportasi,Transportasi,True,,,True,ojék online,ojék,True,IDR,IDR,True,True,"{""amount"": 12000, ""type"": ""expense"", ""category"": ""Transportasi"", ""wallet"": null, ""note"": ""ojék"", ""currency"": ""IDR"", ""confidence"": 0.7}"
VX-SU-003340,test,sundanese_daily_conversation,easy,tadi mésér hayam géprék dua puluh lima rébu,tadi mésér hayam géprék 25000,25000,25000,True,expense,expense,True,Makan & Minum,Makan & Minum,True,,,True,hayam géprék,hayam,True,IDR,IDR,True,True,"{""amount"": 25000, ""type"": ""expense"", ""category"": ""Makan & Minum"", ""wallet"": null, ""note"": ""hayam"", ""currency"": ""IDR"", ""confidence"": 0.7}"
VX-SU-003350,test,sundanese_daily_conversation,easy,urang aya duit asup 750rb tina duit bulanan,urang aya duit asup 750000 tina duit bulanan,750000,750000,True,income,income,True,Gaji,Gaji,True,,,True,duit bulanan,duit bulanan,True,IDR,IDR,True,True,"{""amount"": 750000, ""type"": ""income"", ""category"": ""Gaji"", ""wallet"": null, ""note"": ""duit bulanan"", ""currency"": ""IDR"", ""confidence"": 0.7}"
VX-SU-003360,test,sundanese_daily_conversation,easy,urang aya duit asup hiji juta lima ratus rébu tina ngadamel website nya,urang aya duit asup 1500000 tina ngadamel website nya,1500000,1500000,True,income,income,True,Freelance,Freelance,True,,,True,ngadamel website,website,True,IDR,IDR,True,True,"{""amount"": 1500000, ""type"": ""income"", ""category"": ""Freelance"", ""wallet"": null, ""note"": ""website"", ""currency"": ""IDR"", ""confidence"": 0.7}"
VX-SU-003370,test,sundanese_daily_conversation,easy,sim kuring aya duit asup 2500rb tina gajih,sim kuring aya duit asup 2500000 tina gajih,2500000,2500000,True,income,income,True,Gaji,Gaji,True,,,True,gajih,gajih,True,IDR,IDR,True,True,"{""amount"": 2500000, ""type"": ""income"", ""category"": ""Gaji"", ""wallet"": null, ""note"": ""gajih"", ""currency"": ""IDR"", ""confidence"": 0.7}"
VX-SU-003380,test,sundanese_daily_conversation,easy,minggu ieu wifi 200rb,minggu ieu wifi 200000,200000,200000,True,expense,,False,Tagihan & Utilitas,Tagihan & Utilitas,True,,,True,wifi,wifi,True,IDR,IDR,True,False,"{""amount"": 200000, ""type"": null, ""category"": ""Tagihan & Utilitas"", ""wallet"": null, ""note"": ""wifi"", ""currency"": ""IDR"", ""confidence"": 0.7}"
VX-SU-003390,test,sundanese_daily_conversation,easy,isuk tadi ngalereskeun bug aplikasi asup 500000,isuk tadi ngalereskeun bug aplikasi asup 500000,500000,500000,True,income,income,True,Freelance,Freelance,True,,,True,fix bug aplikasi,bug aplikasi,True,IDR,IDR,True,True,"{""amount"": 500000, ""type"": ""income"", ""category"": ""Freelance"", ""wallet"": null, ""note"": ""bug aplikasi"", ""currency"": ""IDR"", ""confidence"": 0.7}"
VX-SU-003400,test,sundanese_daily_conversation,easy,isuk tadi mayar karaoke 150000,isuk tadi mayar karaoke 150000,150000,150000,True,expense,expense,True,Hiburan,Hiburan,True,,,True,karaoke,karaoke,True,IDR,IDR,True,True,"{""amount"": 150000, ""type"": ""expense"", ""category"": ""Hiburan"", ""wallet"": null, ""note"": ""karaoke"", ""currency"": ""IDR"", ""confidence"": 0.7}"
VX-SU-003410,test,sundanese_daily_conversation,easy,urang nampi gajih 2500rb,urang nampi gajih 2500000,2500000,2500000,True,income,income,True,Gaji,Gaji,True,,,True,gajih,gajih,True,IDR,IDR,True,True,"{""amount"": 2500000, ""type"": ""income"", ""category"": ""Gaji"", ""wallet"": null, ""note"": ""gajih"", ""currency"": ""IDR"", ""confidence"": 0.7}"
VX-SU-003420,test,sundanese_daily_conversation,easy,poé ieu mayar lima puluh opat rebu keur netflix,poé ieu mayar 54000 keur netflix,54000,54000,True,expense,expense,True,Hiburan,Hiburan,True,,,True,netflix,netflix,True,IDR,IDR,True,True,"{""amount"": 54000, ""type"": ""expense"", ""category"": ""Hiburan"", ""wallet"": null, ""note"": ""netflix"", ""currency"": ""IDR"", ""confidence"": 0.7}"
VX-SU-003430,test,sundanese_daily_conversation,easy,tadi baju 75000,tadi baju 75000,75000,75000,True,expense,,False,Belanja,Belanja,True,,,True,baju,baju,True,IDR,IDR,True,False,"{""amount"": 75000, ""type"": null, ""category"": ""Belanja"", ""wallet"": null, ""note"": ""baju"", ""currency"": ""IDR"", ""confidence"": 0.7}"
VX-SU-003440,test,sundanese_daily_conversation,easy,peuting tadi mésér baso sakitar 20000,peuting tadi mésér baso sakitar 20000,20000,20000,True,expense,expense,True,Makan & Minum,Makan & Minum,True,,,True,baso,baso,True,IDR,IDR,True,True,"{""amount"": 20000, ""type"": ""expense"", ""category"": ""Makan & Minum"", ""wallet"": null, ""note"": ""baso"", ""currency"": ""IDR"", ""confidence"": 0.7}"
VX-SU-003450,test,sundanese_daily_conversation,easy,aya duit asup Rp3.500.000 tina gajih,aya duit asup 3500000 tina gajih,3500000,3500000,True,income,income,True,Gaji,Gaji,True,,,True,gajih,gajih,True,IDR,IDR,True,True,"{""amount"": 3500000, ""type"": ""income"", ""category"": ""Gaji"", ""wallet"": null, ""note"": ""gajih"", ""currency"": ""IDR"", ""confidence"": 0.7}"
VX-SU-003460,test,sundanese_daily_conversation,easy,urang meunang duit tina 500rb tina proyék freelance,urang meunang duit tina 500000 tina proyék freelance,500000,500000,True,income,income,True,Freelance,Freelance,True,,,True,proyék freelance,freelance,True,IDR,IDR,True,True,"{""amount"": 500000, ""type"": ""income"", ""category"": ""Freelance"", ""wallet"": null, ""note"": ""freelance"", ""currency"": ""IDR"", ""confidence"": 0.7}"
VX-SU-003470,test,sundanese_daily_conversation,easy,kuring aya duit asup 1500rb tina duit bulanan,kuring aya duit asup 1500000 tina duit bulanan,1500000,1500000,True,income,income,True,Gaji,Gaji,True,,,True,duit bulanan,duit bulanan,True,IDR,IDR,True,True,"{""amount"": 1500000, ""type"": ""income"", ""category"": ""Gaji"", ""wallet"": null, ""note"": ""duit bulanan"", ""currency"": ""IDR"", ""confidence"": 0.7}"
VX-SU-003480,test,sundanese_daily_conversation,easy,kuring mésér dalapan belas rebu keur sampo,kuring mésér 18000 keur sampo,18000,18000,True,expense,expense,True,Belanja,Belanja,True,,,True,sampo,sampo,True,IDR,IDR,True,True,"{""amount"": 18000, ""type"": ""expense"", ""category"": ""Belanja"", ""wallet"": null, ""note"": ""sampo"", ""currency"": ""IDR"", ""confidence"": 0.7}"
VX-SU-003490,test,sundanese_daily_conversation,easy,peuting tadi dibayar ngadamel website 1500rb,peuting tadi dibayar ngadamel website 1500000,1500000,1500000,True,income,income,True,Freelance,Freelance,True,,,True,ngadamel website,website,True,IDR,IDR,True,True,"{""amount"": 1500000, ""type"": ""income"", ""category"": ""Freelance"", ""wallet"": null, ""note"": ""website"", ""currency"": ""IDR"", ""confidence"": 0.7}"
VX-SU-003500,test,sundanese_daily_conversation,easy,urang mayar tujuh puluh lima rebu keur langganan aplikasi,urang mayar 75000 keur langganan aplikasi,75000,75000,True,expense,expense,True,Tagihan & Utilitas,Tagihan & Utilitas,True,,,True,langganan aplikasi,langganan,True,IDR,IDR,True,True,"{""amount"": 75000, ""type"": ""expense"", ""category"": ""Tagihan & Utilitas"", ""wallet"": null, ""note"": ""langganan"", ""currency"": ""IDR"", ""confidence"": 0.7}"
VX-SU-003510,test,sundanese_daily_conversation,easy,isuk tadi bonus damel asup Rp500.000,isuk tadi bonus damel asup 500000,500000,500000,True,income,income,True,Gaji,Gaji,True,,,True,bonus damel,bonus damel,True,IDR,IDR,True,True,"{""amount"": 500000, ""type"": ""income"", ""category"": ""Gaji"", ""wallet"": null, ""note"": ""bonus damel"", ""currency"": ""IDR"", ""confidence"": 0.7}"
VX-SU-003520,test,sundanese_daily_conversation,easy,abdi nonton bioskop sakitar genep puluh rebu,abdi nonton bioskop sakitar 60000,60000,60000,True,expense,,False,Hiburan,Hiburan,True,,,True,bioskop,bioskop,True,IDR,IDR,True,False,"{""amount"": 60000, ""type"": null, ""category"": ""Hiburan"", ""wallet"": null, ""note"": ""bioskop"", ""currency"": ""IDR"", ""confidence"": 0.7}"
VX-SU-003530,test,sundanese_daily_conversation,easy,gajih asup 2000000,gajih asup 2000000,2000000,2000000,True,income,income,True,Gaji,Gaji,True,,,True,gajih,gajih,True,IDR,IDR,True,True,"{""amount"": 2000000, ""type"": ""income"", ""category"": ""Gaji"", ""wallet"": null, ""note"": ""gajih"", ""currency"": ""IDR"", ""confidence"": 0.7}"
VX-SU-003540,test,sundanese_daily_conversation,easy,kamari meunang duit bulanan Rp500.000,kamari meunang duit bulanan 500000,500000,500000,True,income,income,True,Gaji,Gaji,True,,,True,duit bulanan,duit bulanan,True,IDR,IDR,True,True,"{""amount"": 500000, ""type"": ""income"", ""category"": ""Gaji"", ""wallet"": null, ""note"": ""duit bulanan"", ""currency"": ""IDR"", ""confidence"": 0.7}"
VX-SU-003550,test,sundanese_daily_conversation,easy,tadi mayar 50rb keur karaoke,tadi mayar 50000 keur karaoke,50000,50000,True,expense,expense,True,Hiburan,Hiburan,True,,,True,karaoke,karaoke,True,IDR,IDR,True,True,"{""amount"": 50000, ""type"": ""expense"", ""category"": ""Hiburan"", ""wallet"": null, ""note"": ""karaoke"", ""currency"": ""IDR"", ""confidence"": 0.7}"
VX-SU-003560,test,sundanese_daily_conversation,easy,kamari apoték dua puluh lima rebu,kamari apoték 25000,25000,25000,True,expense,,False,Kesehatan,Kesehatan,True,,,True,apoték,apoték,True,IDR,IDR,True,False,"{""amount"": 25000, ""type"": null, ""category"": ""Kesehatan"", ""wallet"": null, ""note"": ""apoték"", ""currency"": ""IDR"", ""confidence"": 0.7}"
VX-SU-003570,test,sundanese_daily_conversation,easy,poé ieu balanja balanja bulanan tilu ratus rebu,poé ieu balanja balanja bulanan 300000,300000,300000,True,expense,expense,True,Belanja,Belanja,True,,,True,balanja bulanan,balanja,True,IDR,IDR,True,True,"{""amount"": 300000, ""type"": ""expense"", ""category"": ""Belanja"", ""wallet"": null, ""note"": ""balanja"", ""currency"": ""IDR"", ""confidence"": 0.7}"
VX-SU-003580,test,sundanese_daily_conversation,easy,tadi asup 1500rb tina gajih,tadi asup 1500000 tina gajih,1500000,1500000,True,income,income,True,Gaji,Gaji,True,,,True,gajih,gajih,True,IDR,IDR,True,True,"{""amount"": 1500000, ""type"": ""income"", ""category"": ""Gaji"", ""wallet"": null, ""note"": ""gajih"", ""currency"": ""IDR"", ""confidence"": 0.7}"
VX-SU-003590,test,sundanese_daily_conversation,easy,urang ngadamel website asup dua juta nya,urang ngadamel website asup 2000000 nya,2000000,2000000,True,income,income,True,Freelance,Freelance,True,,,True,ngadamel website,website,True,IDR,IDR,True,True,"{""amount"": 2000000, ""type"": ""income"", ""category"": ""Freelance"", ""wallet"": null, ""note"": ""website"", ""currency"": ""IDR"", ""confidence"": 0.7}"
VX-SU-003600,test,sundanese_daily_conversation,easy,peuting tadi meuli 100rb keur baju,peuting tadi meuli 100000 keur baju,100000,100000,True,expense,expense,True,Belanja,Belanja,True,,,True,baju,baju,True,IDR,IDR,True,True,"{""amount"": 100000, ""type"": ""expense"", ""category"": ""Belanja"", ""wallet"": null, ""note"": ""baju"", ""currency"": ""IDR"", ""confidence"": 0.7}"
VX-SU-003610,test,sundanese_daily_conversation,easy,abdi parkir motor lima rebu,abdi parkir motor 5000,5000,5000,True,expense,,False,Transportasi,Transportasi,True,,,True,parkir motor,parkir,True,IDR,IDR,True,False,"{""amount"": 5000, ""type"": null, ""category"": ""Transportasi"", ""wallet"": null, ""note"": ""parkir"", ""currency"": ""IDR"", ""confidence"": 0.7}"
VX-SU-003620,test,sundanese_daily_conversation,easy,isuk tadi kopi 12rb,isuk tadi kopi 12000,12000,12000,True,expense,,False,Makan & Minum,Makan & Minum,True,,,True,kopi,kopi,True,IDR,IDR,True,False,"{""amount"": 12000, ""type"": null, ""category"": ""Makan & Minum"", ""wallet"": null, ""note"": ""kopi"", ""currency"": ""IDR"", ""confidence"": 0.7}"
VX-SU-003630,test,sundanese_daily_conversation,easy,kuring meuli lima belas rébu keur ubar batuk,kuring meuli 15000 keur ubar batuk,15000,15000,True,expense,expense,True,Kesehatan,Kesehatan,True,,,True,ubar batuk,ubar,True,IDR,IDR,True,True,"{""amount"": 15000, ""type"": ""expense"", ""category"": ""Kesehatan"", ""wallet"": null, ""note"": ""ubar"", ""currency"": ""IDR"", ""confidence"": 0.7}"
VX-SU-003640,test,sundanese_daily_conversation,easy,abdi duit bulanan asup Rp500.000,abdi duit bulanan asup 500000,500000,500000,True,income,income,True,Gaji,Gaji,True,,,True,duit bulanan,duit bulanan,True,IDR,IDR,True,True,"{""amount"": 500000, ""type"": ""income"", ""category"": ""Gaji"", ""wallet"": null, ""note"": ""duit bulanan"", ""currency"": ""IDR"", ""confidence"": 0.7}"
VX-SU-003650,test,sundanese_daily_conversation,easy,poé ieu bonus damel asup hiji juta mah,poé ieu bonus damel asup 1000000 mah,1000000,1000000,True,income,income,True,Gaji,Gaji,True,,,True,bonus damel,bonus damel,True,IDR,IDR,True,True,"{""amount"": 1000000, ""type"": ""income"", ""category"": ""Gaji"", ""wallet"": null, ""note"": ""bonus damel"", ""currency"": ""IDR"", ""confidence"": 0.7}"
VX-SU-003660,test,sundanese_daily_conversation,easy,abdi nonton bioskop genep puluh rebu,abdi nonton bioskop 60000,60000,60000,True,expense,,False,Hiburan,Hiburan,True,,,True,bioskop,bioskop,True,IDR,IDR,True,False,"{""amount"": 60000, ""type"": null, ""category"": ""Hiburan"", ""wallet"": null, ""note"": ""bioskop"", ""currency"": ""IDR"", ""confidence"": 0.7}"
VX-SU-003670,test,sundanese_daily_conversation,easy,peuting tadi dibayar ngadamel website tujuh ratus lima puluh rébu,peuting tadi dibayar ngadamel website 750000,750000,750000,True,income,income,True,Freelance,Freelance,True,,,True,ngadamel website,website,True,IDR,IDR,True,True,"{""amount"": 750000, ""type"": ""income"", ""category"": ""Freelance"", ""wallet"": null, ""note"": ""website"", ""currency"": ""IDR"", ""confidence"": 0.7}"
VX-SU-003680,test,sundanese_daily_conversation,easy,isuk tadi meuli roti sakitar sapuluh rebu,isuk tadi meuli roti sakitar 10000,10000,10000,True,expense,expense,True,Makan & Minum,Makan & Minum,True,,,True,roti,roti,True,IDR,IDR,True,True,"{""amount"": 10000, ""type"": ""expense"", ""category"": ""Makan & Minum"", ""wallet"": null, ""note"": ""roti"", ""currency"": ""IDR"", ""confidence"": 0.7}"
VX-SU-003690,test,sundanese_daily_conversation,easy,poé ieu dibayar dua ratus rebu tina ngalereskeun bug aplikasi,poé ieu dibayar 200000 tina ngalereskeun bug aplikasi,200000,200000,True,income,income,True,Freelance,Freelance,True,,,True,fix bug aplikasi,bug aplikasi,True,IDR,IDR,True,True,"{""amount"": 200000, ""type"": ""income"", ""category"": ""Freelance"", ""wallet"": null, ""note"": ""bug aplikasi"", ""currency"": ""IDR"", ""confidence"": 0.7}"
VX-SU-003700,test,sundanese_daily_conversation,easy,urang mayar apoték sakitar tujuh puluh lima rebu,urang mayar apoték sakitar 75000,75000,75000,True,expense,expense,True,Kesehatan,Kesehatan,True,,,True,apoték,apoték,True,IDR,IDR,True,True,"{""amount"": 75000, ""type"": ""expense"", ""category"": ""Kesehatan"", ""wallet"": null, ""note"": ""apoték"", ""currency"": ""IDR"", ""confidence"": 0.7}"
VX-SU-003710,test,sundanese_daily_conversation,easy,minggu ieu meunang Rp1.000.000 tina bonus damel,minggu ieu meunang 1000000 tina bonus damel,1000000,1000000,True,income,income,True,Gaji,Gaji,True,,,True,bonus damel,bonus damel,True,IDR,IDR,True,True,"{""amount"": 1000000, ""type"": ""income"", ""category"": ""Gaji"", ""wallet"": null, ""note"": ""bonus damel"", ""currency"": ""IDR"", ""confidence"": 0.7}"
VX-SU-003720,test,sundanese_daily_conversation,easy,isuk tadi meunang Rp750.000 tina duit bulanan,isuk tadi meunang 750000 tina duit bulanan,750000,750000,True,income,income,True,Gaji,Gaji,True,,,True,duit bulanan,duit bulanan,True,IDR,IDR,True,True,"{""amount"": 750000, ""type"": ""income"", ""category"": ""Gaji"", ""wallet"": null, ""note"": ""duit bulanan"", ""currency"": ""IDR"", ""confidence"": 0.7}"
VX-SU-003730,test,sundanese_daily_conversation,easy,tadi mayar ojék online Rp18.000 deui,tadi mayar ojék online 18000 deui,18000,18000,True,expense,expense,True,Transportasi,Transportasi,True,,,True,ojék online,ojék,True,IDR,IDR,True,True,"{""amount"": 18000, ""type"": ""expense"", ""category"": ""Transportasi"", ""wallet"": null, ""note"": ""ojék"", ""currency"": ""IDR"", ""confidence"": 0.7}"
VX-SU-003740,test,sundanese_daily_conversation,easy,poé ieu narima gajih tilu juta lima ratus rébu,poé ieu narima gajih 3500000,3500000,3500000,True,income,income,True,Gaji,Gaji,True,,,True,gajih,gajih,True,IDR,IDR,True,True,"{""amount"": 3500000, ""type"": ""income"", ""category"": ""Gaji"", ""wallet"": null, ""note"": ""gajih"", ""currency"": ""IDR"", ""confidence"": 0.7}"
VX-SU-003750,test,sundanese_daily_conversation,easy,urang parkir motor 10rb,urang parkir motor 10000,10000,10000,True,expense,,False,Transportasi,Transportasi,True,,,True,parkir motor,parkir,True,IDR,IDR,True,False,"{""amount"": 10000, ""type"": null, ""category"": ""Transportasi"", ""wallet"": null, ""note"": ""parkir"", ""currency"": ""IDR"", ""confidence"": 0.7}"
VX-SU-003760,test,sundanese_daily_conversation,easy,kamari nampi bayaran dua ratus lima puluh rébu tina desain logo,kamari nampi bayaran 250000 tina desain logo,250000,250000,True,income,income,True,Freelance,Freelance,True,,,True,desain logo,desain,True,IDR,IDR,True,True,"{""amount"": 250000, ""type"": ""income"", ""category"": ""Freelance"", ""wallet"": null, ""note"": ""desain"", ""currency"": ""IDR"", ""confidence"": 0.7}"
VX-SU-003770,test,sundanese_daily_conversation,easy,abdi asup hiji juta lima ratus rébu tina duit bulanan,abdi asup 1500000 tina duit bulanan,1500000,1500000,True,income,income,True,Gaji,Gaji,True,,,True,duit bulanan,duit bulanan,True,IDR,IDR,True,True,"{""amount"": 1500000, ""type"": ""income"", ""category"": ""Gaji"", ""wallet"": null, ""note"": ""duit bulanan"", ""currency"": ""IDR"", ""confidence"": 0.7}"
VX-SU-003780,test,sundanese_daily_conversation,easy,poé ieu mayar netflix sakitar tujuh puluh lima rebu nya,poé ieu mayar netflix sakitar 75000 nya,75000,75000,True,expense,expense,True,Hiburan,Hiburan,True,,,True,netflix,netflix,True,IDR,IDR,True,True,"{""amount"": 75000, ""type"": ""expense"", ""category"": ""Hiburan"", ""wallet"": null, ""note"": ""netflix"", ""currency"": ""IDR"", ""confidence"": 0.7}"
VX-SU-003790,test,sundanese_daily_conversation,easy,kuring aya duit asup tilu ratus lima puluh rébu tina ngalereskeun bug aplikasi,kuring aya duit asup 350000 tina ngalereskeun bug aplikasi,350000,350000,True,income,income,True,Freelance,Freelance,True,,,True,fix bug aplikasi,bug aplikasi,True,IDR,IDR,True,True,"{""amount"": 350000, ""type"": ""income"", ""category"": ""Freelance"", ""wallet"": null, ""note"": ""bug aplikasi"", ""currency"": ""IDR"", ""confidence"": 0.7}"
VX-SU-003800,test,sundanese_daily_conversation,easy,poé ieu dibayar desain logo 150rb,poé ieu dibayar desain logo 150000,150000,150000,True,income,income,True,Freelance,Freelance,True,,,True,desain logo,desain,True,IDR,IDR,True,True,"{""amount"": 150000, ""type"": ""income"", ""category"": ""Freelance"", ""wallet"": null, ""note"": ""desain"", ""currency"": ""IDR"", ""confidence"": 0.7}"
VX-SU-003810,test,sundanese_daily_conversation,easy,kamari mayar cai Rp100.000,kamari mayar cai 100000,100000,100000,True,expense,expense,True,Tagihan & Utilitas,Tagihan & Utilitas,True,,,True,tagihan cai,cai,True,IDR,IDR,True,True,"{""amount"": 100000, ""type"": ""expense"", ""category"": ""Tagihan & Utilitas"", ""wallet"": null, ""note"": ""cai"", ""currency"": ""IDR"", ""confidence"": 0.7}"
VX-SU-003820,test,sundanese_daily_conversation,easy,aya duit asup 3500000 tina gajih nya,aya duit asup 3500000 tina gajih nya,3500000,3500000,True,income,income,True,Gaji,Gaji,True,,,True,gajih,gajih,True,IDR,IDR,True,True,"{""amount"": 3500000, ""type"": ""income"", ""category"": ""Gaji"", ""wallet"": null, ""note"": ""gajih"", ""currency"": ""IDR"", ""confidence"": 0.7}"
VX-SU-003830,test,sundanese_daily_conversation,easy,abdi meuli vitamin tujuh puluh lima rebu,abdi meuli vitamin 75000,75000,75000,True,expense,expense,True,Kesehatan,Kesehatan,True,,,True,vitamin,vitamin,True,IDR,IDR,True,True,"{""amount"": 75000, ""type"": ""expense"", ""category"": ""Kesehatan"", ""wallet"": null, ""note"": ""vitamin"", ""currency"": ""IDR"", ""confidence"": 0.7}"
VX-SU-003840,test,sundanese_daily_conversation,easy,jajan kopi dua belas rebu,jajan kopi 12000,12000,12000,True,expense,expense,True,Makan & Minum,Makan & Minum,True,,,True,kopi,kopi,True,IDR,IDR,True,True,"{""amount"": 12000, ""type"": ""expense"", ""category"": ""Makan & Minum"", ""wallet"": null, ""note"": ""kopi"", ""currency"": ""IDR"", ""confidence"": 0.7}"
VX-SU-003850,test,sundanese_daily_conversation,easy,isuk tadi mésér sapuluh rébu keur masker mah,isuk tadi mésér 10000 keur masker mah,10000,10000,True,expense,expense,True,Kesehatan,Kesehatan,True,,,True,masker,masker,True,IDR,IDR,True,True,"{""amount"": 10000, ""type"": ""expense"", ""category"": ""Kesehatan"", ""wallet"": null, ""note"": ""masker"", ""currency"": ""IDR"", ""confidence"": 0.7}"
VX-SU-003860,test,sundanese_daily_conversation,easy,tadi apoték lima puluh rebu,tadi apoték 50000,50000,50000,True,expense,,False,Kesehatan,Kesehatan,True,,,True,apoték,apoték,True,IDR,IDR,True,False,"{""amount"": 50000, ""type"": null, ""category"": ""Kesehatan"", ""wallet"": null, ""note"": ""apoték"", ""currency"": ""IDR"", ""confidence"": 0.7}"
VX-SU-003870,test,sundanese_daily_conversation,easy,urang nampi dua ratus lima puluh rebu tina bonus damel,urang nampi 250000 tina bonus damel,250000,250000,True,income,income,True,Gaji,Gaji,True,,,True,bonus damel,bonus damel,True,IDR,IDR,True,True,"{""amount"": 250000, ""type"": ""income"", ""category"": ""Gaji"", ""wallet"": null, ""note"": ""bonus damel"", ""currency"": ""IDR"", ""confidence"": 0.7}"
VX-SU-003880,test,sundanese_daily_conversation,easy,peuting tadi aya duit asup Rp150.000 tina desain logo,peuting tadi aya duit asup 150000 tina desain logo,150000,150000,True,income,income,True,Freelance,Freelance,True,,,True,desain logo,desain,True,IDR,IDR,True,True,"{""amount"": 150000, ""type"": ""income"", ""category"": ""Freelance"", ""wallet"": null, ""note"": ""desain"", ""currency"": ""IDR"", ""confidence"": 0.7}"
VX-SU-003890,test,sundanese_daily_conversation,easy,tadi sabun Rp20.000,tadi sabun 20000,20000,20000,True,expense,,False,Belanja,Belanja,True,,,True,sabun,sabun,True,IDR,IDR,True,False,"{""amount"": 20000, ""type"": null, ""category"": ""Belanja"", ""wallet"": null, ""note"": ""sabun"", ""currency"": ""IDR"", ""confidence"": 0.7}"
VX-SU-003900,test,sundanese_daily_conversation,easy,isuk tadi sampo Rp25.000 deui,isuk tadi sampo 25000 deui,25000,25000,True,expense,,False,Belanja,Belanja,True,,,True,sampo,sampo,True,IDR,IDR,True,False,"{""amount"": 25000, ""type"": null, ""category"": ""Belanja"", ""wallet"": null, ""note"": ""sampo"", ""currency"": ""IDR"", ""confidence"": 0.7}"
VX-SU-003910,test,sundanese_daily_conversation,easy,asup Rp1.000.000 tina duit bulanan,asup 1000000 tina duit bulanan,1000000,1000000,True,income,income,True,Gaji,Gaji,True,,,True,duit bulanan,duit bulanan,True,IDR,IDR,True,True,"{""amount"": 1000000, ""type"": ""income"", ""category"": ""Gaji"", ""wallet"": null, ""note"": ""duit bulanan"", ""currency"": ""IDR"", ""confidence"": 0.7}"
VX-SU-003920,test,sundanese_daily_conversation,easy,tadi aya duit asup dua juta tina gajih,tadi aya duit asup 2000000 tina gajih,2000000,2000000,True,income,income,True,Gaji,Gaji,True,,,True,gajih,gajih,True,IDR,IDR,True,True,"{""amount"": 2000000, ""type"": ""income"", ""category"": ""Gaji"", ""wallet"": null, ""note"": ""gajih"", ""currency"": ""IDR"", ""confidence"": 0.7}"
VX-SU-003930,test,sundanese_daily_conversation,easy,isuk tadi top up saratus lima puluh rébu keur game,isuk tadi top up 150000 keur game,150000,150000,True,expense,transfer,False,Hiburan,Transfer,False,,,True,game,top up,False,IDR,IDR,True,False,"{""amount"": 150000, ""type"": ""transfer"", ""category"": ""Transfer"", ""wallet"": null, ""note"": ""top up"", ""currency"": ""IDR"", ""confidence"": 0.7}"
VX-SU-003940,test,sundanese_daily_conversation,easy,kamari desain logo asup Rp100.000,kamari desain logo asup 100000,100000,100000,True,income,income,True,Freelance,Freelance,True,,,True,desain logo,desain,True,IDR,IDR,True,True,"{""amount"": 100000, ""type"": ""income"", ""category"": ""Freelance"", ""wallet"": null, ""note"": ""desain"", ""currency"": ""IDR"", ""confidence"": 0.7}"
VX-SU-003950,test,sundanese_daily_conversation,easy,tadi ngadamel website asup Rp1.500.000,tadi ngadamel website asup 1500000,1500000,1500000,True,income,income,True,Freelance,Freelance,True,,,True,ngadamel website,website,True,IDR,IDR,True,True,"{""amount"": 1500000, ""type"": ""income"", ""category"": ""Freelance"", ""wallet"": null, ""note"": ""website"", ""currency"": ""IDR"", ""confidence"": 0.7}"
VX-SU-003960,test,sundanese_daily_conversation,easy,minggu ieu nampi bayaran ngadamel website 1500000,minggu ieu nampi bayaran ngadamel website 1500000,1500000,1500000,True,income,income,True,Freelance,Freelance,True,,,True,ngadamel website,website,True,IDR,IDR,True,True,"{""amount"": 1500000, ""type"": ""income"", ""category"": ""Freelance"", ""wallet"": null, ""note"": ""website"", ""currency"": ""IDR"", ""confidence"": 0.7}"
VX-SU-003970,test,sundanese_daily_conversation,easy,tadi ngalereskeun bug aplikasi asup saratus rebu,tadi ngalereskeun bug aplikasi asup 100000,100000,100000,True,income,income,True,Freelance,Freelance,True,,,True,fix bug aplikasi,bug aplikasi,True,IDR,IDR,True,True,"{""amount"": 100000, ""type"": ""income"", ""category"": ""Freelance"", ""wallet"": null, ""note"": ""bug aplikasi"", ""currency"": ""IDR"", ""confidence"": 0.7}"
VX-SU-003980,test,sundanese_daily_conversation,easy,urang aya duit asup Rp1.000.000 tina duit bulanan,urang aya duit asup 1000000 tina duit bulanan,1000000,1000000,True,income,income,True,Gaji,Gaji,True,,,True,duit bulanan,duit bulanan,True,IDR,IDR,True,True,"{""amount"": 1000000, ""type"": ""income"", ""category"": ""Gaji"", ""wallet"": null, ""note"": ""duit bulanan"", ""currency"": ""IDR"", ""confidence"": 0.7}"
VX-SU-003990,test,sundanese_daily_conversation,easy,isuk tadi mésér dahar siang sakitar 20rb,isuk tadi mésér dahar siang sakitar 20000,20000,20000,True,expense,expense,True,Makan & Minum,Makan & Minum,True,,,True,dahar siang,dahar,True,IDR,IDR,True,True,"{""amount"": 20000, ""type"": ""expense"", ""category"": ""Makan & Minum"", ""wallet"": null, ""note"": ""dahar"", ""currency"": ""IDR"", ""confidence"": 0.7}"
VX-SU-004000,test,sundanese_daily_conversation,easy,mayar saratus rébu keur netflix mah,mayar 100000 keur netflix mah,100000,100000,True,expense,expense,True,Hiburan,Hiburan,True,,,True,netflix,netflix,True,IDR,IDR,True,True,"{""amount"": 100000, ""type"": ""expense"", ""category"": ""Hiburan"", ""wallet"": null, ""note"": ""netflix"", ""currency"": ""IDR"", ""confidence"": 0.7}"
VX-SU-004010,test,slang_typo_noisy_sunda,medium,poé ieu asup 3500rb tina gajih,poé ieu asup 3500000 tina gajih,3500000,3500000,True,income,income,True,Gaji,Gaji,True,,,True,gajih,gajih,True,IDR,IDR,True,True,"{""amount"": 3500000, ""type"": ""income"", ""category"": ""Gaji"", ""wallet"": null, ""note"": ""gajih"", ""currency"": ""IDR"", ""confidence"": 0.7}"
VX-SU-004020,test,slang_typo_noisy_sunda,medium,urang aya duit asup 2000k tina gajih,urang aya duit asup 2000000 tina gajih,2000000,2000000,True,income,income,True,Gaji,Gaji,True,,,True,gajih,gajih,True,IDR,IDR,True,True,"{""amount"": 2000000, ""type"": ""income"", ""category"": ""Gaji"", ""wallet"": null, ""note"": ""gajih"", ""currency"": ""IDR"", ""confidence"": 0.7}"
VX-SU-004030,test,slang_typo_noisy_sunda,medium,kuring meunang duit bulanan 1500000,kuring meunang duit bulanan 1500000,1500000,1500000,True,income,income,True,Gaji,Gaji,True,,,True,duit bulanan,duit bulanan,True,IDR,IDR,True,True,"{""amount"": 1500000, ""type"": ""income"", ""category"": ""Gaji"", ""wallet"": null, ""note"": ""duit bulanan"", ""currency"": ""IDR"", ""confidence"": 0.7}"
VX-SU-004040,test,slang_typo_noisy_sunda,medium,sim kuring ojol 12000,sim kuring ojol 12000,12000,12000,True,expense,,False,Transportasi,Transportasi,True,,,True,ojék online,ojol,False,IDR,IDR,True,False,"{""amount"": 12000, ""type"": null, ""category"": ""Transportasi"", ""wallet"": null, ""note"": ""ojol"", ""currency"": ""IDR"", ""confidence"": 0.7}"
VX-SU-004050,test,slang_typo_noisy_sunda,medium,tadi myr 50k keur listrik,tadi myr 50000 keur listrik,50000,50000,True,expense,expense,True,Tagihan & Utilitas,Tagihan & Utilitas,True,,,True,listrik,listrik,True,IDR,IDR,True,True,"{""amount"": 50000, ""type"": ""expense"", ""category"": ""Tagihan & Utilitas"", ""wallet"": null, ""note"": ""listrik"", ""currency"": ""IDR"", ""confidence"": 0.7}"
VX-SU-004060,test,slang_typo_noisy_sunda,medium,peuting tadi nampi gajih 2500rb,peuting tadi nampi gajih 2500000,2500000,2500000,True,income,income,True,Gaji,Gaji,True,,,True,gajih,gajih,True,IDR,IDR,True,True,"{""amount"": 2500000, ""type"": ""income"", ""category"": ""Gaji"", ""wallet"": null, ""note"": ""gajih"", ""currency"": ""IDR"", ""confidence"": 0.7}"
VX-SU-004070,test,slang_typo_noisy_sunda,medium,dibayar desain logo 150rb,dibayar desain logo 150000,150000,150000,True,income,income,True,Freelance,Freelance,True,,,True,desain logo,desain,True,IDR,IDR,True,True,"{""amount"": 150000, ""type"": ""income"", ""category"": ""Freelance"", ""wallet"": null, ""note"": ""desain"", ""currency"": ""IDR"", ""confidence"": 0.7}"
VX-SU-004080,test,slang_typo_noisy_sunda,medium,kamari meunang 500k tina duit bulanan,kamari meunang 500000 tina duit bulanan,500000,500000,True,income,income,True,Gaji,Gaji,True,,,True,duit bulanan,duit bulanan,True,IDR,IDR,True,True,"{""amount"": 500000, ""type"": ""income"", ""category"": ""Gaji"", ""wallet"": null, ""note"": ""duit bulanan"", ""currency"": ""IDR"", ""confidence"": 0.7}"
VX-SU-004090,test,slang_typo_noisy_sunda,medium,peuting tadi roti 10000,peuting tadi roti 10000,10000,10000,True,expense,,False,Makan & Minum,Makan & Minum,True,,,True,roti,roti,True,IDR,IDR,True,False,"{""amount"": 10000, ""type"": null, ""category"": ""Makan & Minum"", ""wallet"": null, ""note"": ""roti"", ""currency"": ""IDR"", ""confidence"": 0.7}"
VX-SU-004100,test,slang_typo_noisy_sunda,medium,kamari meser seblak sakitar 10rb,kamari meser seblak sakitar 10000,10000,10000,True,expense,expense,True,Makan & Minum,Makan & Minum,True,,,True,seblak,seblak,True,IDR,IDR,True,True,"{""amount"": 10000, ""type"": ""expense"", ""category"": ""Makan & Minum"", ""wallet"": null, ""note"": ""seblak"", ""currency"": ""IDR"", ""confidence"": 0.7}"
VX-SU-004110,test,slang_typo_noisy_sunda,medium,abdi mayar wifi sakitar 300k,abdi mayar wifi sakitar 300000,300000,300000,True,expense,expense,True,Tagihan & Utilitas,Tagihan & Utilitas,True,,,True,wifi,wifi,True,IDR,IDR,True,True,"{""amount"": 300000, ""type"": ""expense"", ""category"": ""Tagihan & Utilitas"", ""wallet"": null, ""note"": ""wifi"", ""currency"": ""IDR"", ""confidence"": 0.7}"
VX-SU-004120,test,slang_typo_noisy_sunda,medium,kamari aya duit asup 350rb tina ngalereskeun bug aplikasi,kamari aya duit asup 350000 tina ngalereskeun bug aplikasi,350000,350000,True,income,income,True,Freelance,Freelance,True,,,True,fix bug aplikasi,bug aplikasi,True,IDR,IDR,True,True,"{""amount"": 350000, ""type"": ""income"", ""category"": ""Freelance"", ""wallet"": null, ""note"": ""bug aplikasi"", ""currency"": ""IDR"", ""confidence"": 0.7}"
VX-SU-004130,test,slang_typo_noisy_sunda,medium,urang mayar ojol sakitar 30000,urang mayar ojol sakitar 30000,30000,30000,True,expense,expense,True,Transportasi,Transportasi,True,,,True,ojék online,ojol,False,IDR,IDR,True,True,"{""amount"": 30000, ""type"": ""expense"", ""category"": ""Transportasi"", ""wallet"": null, ""note"": ""ojol"", ""currency"": ""IDR"", ""confidence"": 0.7}"
VX-SU-004140,test,slang_typo_noisy_sunda,medium,minggu ieu nampi 750000 tina bonus damel,minggu ieu nampi 750000 tina bonus damel,750000,750000,True,income,income,True,Gaji,Gaji,True,,,True,bonus damel,bonus damel,True,IDR,IDR,True,True,"{""amount"": 750000, ""type"": ""income"", ""category"": ""Gaji"", ""wallet"": null, ""note"": ""bonus damel"", ""currency"": ""IDR"", ""confidence"": 0.7}"
VX-SU-004150,test,slang_typo_noisy_sunda,medium,sim kuring bioskop 50k,sim kuring bioskop 50000,50000,50000,True,expense,,False,Hiburan,Hiburan,True,,,True,bioskop,bioskop,True,IDR,IDR,True,False,"{""amount"": 50000, ""type"": null, ""category"": ""Hiburan"", ""wallet"": null, ""note"": ""bioskop"", ""currency"": ""IDR"", ""confidence"": 0.7}"
VX-SU-004160,test,slang_typo_noisy_sunda,medium,isuk tadi aya duit asup 250k tina bonus damel,isuk tadi aya duit asup 250000 tina bonus damel,250000,250000,True,income,income,True,Gaji,Gaji,True,,,True,bonus damel,bonus damel,True,IDR,IDR,True,True,"{""amount"": 250000, ""type"": ""income"", ""category"": ""Gaji"", ""wallet"": null, ""note"": ""bonus damel"", ""currency"": ""IDR"", ""confidence"": 0.7}"
VX-SU-004170,test,slang_typo_noisy_sunda,medium,kuring apoték 50000,kuring apoték 50000,50000,50000,True,expense,,False,Kesehatan,Kesehatan,True,,,True,apoték,apoték,True,IDR,IDR,True,False,"{""amount"": 50000, ""type"": null, ""category"": ""Kesehatan"", ""wallet"": null, ""note"": ""apoték"", ""currency"": ""IDR"", ""confidence"": 0.7}"
VX-SU-004180,test,slang_typo_noisy_sunda,medium,kuring aya duit asup 250k tina bonus damel,kuring aya duit asup 250000 tina bonus damel,250000,250000,True,income,income,True,Gaji,Gaji,True,,,True,bonus damel,bonus damel,True,IDR,IDR,True,True,"{""amount"": 250000, ""type"": ""income"", ""category"": ""Gaji"", ""wallet"": null, ""note"": ""bonus damel"", ""currency"": ""IDR"", ""confidence"": 0.7}"
VX-SU-004190,test,slang_typo_noisy_sunda,medium,abdi desain logo asup 250k,abdi desain logo asup 250000,250000,250000,True,income,income,True,Freelance,Freelance,True,,,True,desain logo,desain,True,IDR,IDR,True,True,"{""amount"": 250000, ""type"": ""income"", ""category"": ""Freelance"", ""wallet"": null, ""note"": ""desain"", ""currency"": ""IDR"", ""confidence"": 0.7}"
VX-SU-004200,test,slang_typo_noisy_sunda,medium,abdi bioskop lima puluh rebu,abdi bioskop 50000,50000,50000,True,expense,,False,Hiburan,Hiburan,True,,,True,bioskop,bioskop,True,IDR,IDR,True,False,"{""amount"": 50000, ""type"": null, ""category"": ""Hiburan"", ""wallet"": null, ""note"": ""bioskop"", ""currency"": ""IDR"", ""confidence"": 0.7}"
VX-SU-004210,test,slang_typo_noisy_sunda,medium,sim kuring aya duit asup hiji juta lima ratus rébu tina proyék freelance,sim kuring aya duit asup 1500000 tina proyék freelance,1500000,1500000,True,income,income,True,Freelance,Freelance,True,,,True,proyék freelance,freelance,True,IDR,IDR,True,True,"{""amount"": 1500000, ""type"": ""income"", ""category"": ""Freelance"", ""wallet"": null, ""note"": ""freelance"", ""currency"": ""IDR"", ""confidence"": 0.7}"
VX-SU-004220,test,slang_typo_noisy_sunda,medium,kamari bonus damel asup 1000rb,kamari bonus damel asup 1000000,1000000,1000000,True,income,income,True,Gaji,Gaji,True,,,True,bonus damel,bonus damel,True,IDR,IDR,True,True,"{""amount"": 1000000, ""type"": ""income"", ""category"": ""Gaji"", ""wallet"": null, ""note"": ""bonus damel"", ""currency"": ""IDR"", ""confidence"": 0.7}"
VX-SU-004230,test,slang_typo_noisy_sunda,medium,poé ieu myr listrik saratus rebu,poé ieu myr listrik 100000,100000,100000,True,expense,expense,True,Tagihan & Utilitas,Tagihan & Utilitas,True,,,True,listrik,listrik,True,IDR,IDR,True,True,"{""amount"": 100000, ""type"": ""expense"", ""category"": ""Tagihan & Utilitas"", ""wallet"": null, ""note"": ""listrik"", ""currency"": ""IDR"", ""confidence"": 0.7}"
VX-SU-004240,test,slang_typo_noisy_sunda,medium,peuting tadi myr 60k keur bioskop,peuting tadi myr 60000 keur bioskop,60000,60000,True,expense,expense,True,Hiburan,Hiburan,True,,,True,bioskop,bioskop,True,IDR,IDR,True,True,"{""amount"": 60000, ""type"": ""expense"", ""category"": ""Hiburan"", ""wallet"": null, ""note"": ""bioskop"", ""currency"": ""IDR"", ""confidence"": 0.7}"
VX-SU-004250,test,slang_typo_noisy_sunda,medium,poé ieu asup 1500000 tina gajih,poé ieu asup 1500000 tina gajih,1500000,1500000,True,income,income,True,Gaji,Gaji,True,,,True,gajih,gajih,True,IDR,IDR,True,True,"{""amount"": 1500000, ""type"": ""income"", ""category"": ""Gaji"", ""wallet"": null, ""note"": ""gajih"", ""currency"": ""IDR"", ""confidence"": 0.7}"
VX-SU-004260,test,slang_typo_noisy_sunda,medium,peuting tadi tiket konser dua ratus lima puluh rebu,peuting tadi tiket konser 250000,250000,250000,True,expense,,False,Hiburan,Hiburan,True,,,True,tiket konser,konser,True,IDR,IDR,True,False,"{""amount"": 250000, ""type"": null, ""category"": ""Hiburan"", ""wallet"": null, ""note"": ""konser"", ""currency"": ""IDR"", ""confidence"": 0.7}"
VX-SU-004270,test,slang_typo_noisy_sunda,medium,sim kuring aya duit asup 500rb tina bonus damel,sim kuring aya duit asup 500000 tina bonus damel,500000,500000,True,income,income,True,Gaji,Gaji,True,,,True,bonus damel,bonus damel,True,IDR,IDR,True,True,"{""amount"": 500000, ""type"": ""income"", ""category"": ""Gaji"", ""wallet"": null, ""note"": ""bonus damel"", ""currency"": ""IDR"", ""confidence"": 0.7}"
VX-SU-004280,test,slang_typo_noisy_sunda,medium,kamari mayar netflix 65000,kamari mayar netflix 65000,65000,65000,True,expense,expense,True,Hiburan,Hiburan,True,,,True,netflix,netflix,True,IDR,IDR,True,True,"{""amount"": 65000, ""type"": ""expense"", ""category"": ""Hiburan"", ""wallet"": null, ""note"": ""netflix"", ""currency"": ""IDR"", ""confidence"": 0.7}"
VX-SU-004290,test,slang_typo_noisy_sunda,medium,minggu ieu dokter 150rb,minggu ieu dokter 150000,150000,150000,True,expense,,False,Kesehatan,Kesehatan,True,,,True,dokter,dokter,True,IDR,IDR,True,False,"{""amount"": 150000, ""type"": null, ""category"": ""Kesehatan"", ""wallet"": null, ""note"": ""dokter"", ""currency"": ""IDR"", ""confidence"": 0.7}"
VX-SU-004300,test,slang_typo_noisy_sunda,medium,kuring desain logo asup 100rb,kuring desain logo asup 100000,100000,100000,True,income,income,True,Freelance,Freelance,True,,,True,desain logo,desain,True,IDR,IDR,True,True,"{""amount"": 100000, ""type"": ""income"", ""category"": ""Freelance"", ""wallet"": null, ""note"": ""desain"", ""currency"": ""IDR"", ""confidence"": 0.7}"
VX-SU-004310,test,slang_typo_noisy_sunda,medium,isuk tadi aya duit asup 500000 tina ngalereskeun bug aplikasi,isuk tadi aya duit asup 500000 tina ngalereskeun bug aplikasi,500000,500000,True,income,income,True,Freelance,Freelance,True,,,True,fix bug aplikasi,bug aplikasi,True,IDR,IDR,True,True,"{""amount"": 500000, ""type"": ""income"", ""category"": ""Freelance"", ""wallet"": null, ""note"": ""bug aplikasi"", ""currency"": ""IDR"", ""confidence"": 0.7}"
VX-SU-004320,test,slang_typo_noisy_sunda,medium,poé ieu pulsa 100000,poé ieu pulsa 100000,100000,100000,True,expense,,False,Tagihan & Utilitas,Tagihan & Utilitas,True,,,True,pulsa,pulsa,True,IDR,IDR,True,False,"{""amount"": 100000, ""type"": null, ""category"": ""Tagihan & Utilitas"", ""wallet"": null, ""note"": ""pulsa"", ""currency"": ""IDR"", ""confidence"": 0.7}"
VX-SU-004330,test,slang_typo_noisy_sunda,medium,urang gajih asup 2000000,urang gajih asup 2000000,2000000,2000000,True,income,income,True,Gaji,Gaji,True,,,True,gajih,gajih,True,IDR,IDR,True,True,"{""amount"": 2000000, ""type"": ""income"", ""category"": ""Gaji"", ""wallet"": null, ""note"": ""gajih"", ""currency"": ""IDR"", ""confidence"": 0.7}"
VX-SU-004340,test,slang_typo_noisy_sunda,medium,peuting tadi mli 30000 keur vitamin,peuting tadi mli 30000 keur vitamin,30000,30000,True,expense,expense,True,Kesehatan,Kesehatan,True,,,True,vitamin,vitamin,True,IDR,IDR,True,True,"{""amount"": 30000, ""type"": ""expense"", ""category"": ""Kesehatan"", ""wallet"": null, ""note"": ""vitamin"", ""currency"": ""IDR"", ""confidence"": 0.7}"
VX-SU-004350,test,slang_typo_noisy_sunda,medium,peuting tadi mli bensin 30k,peuting tadi mli bensin 30000,30000,30000,True,expense,expense,True,Transportasi,Transportasi,True,,,True,bensin,bensin,True,IDR,IDR,True,True,"{""amount"": 30000, ""type"": ""expense"", ""category"": ""Transportasi"", ""wallet"": null, ""note"": ""bensin"", ""currency"": ""IDR"", ""confidence"": 0.7}"
VX-SU-004360,test,slang_typo_noisy_sunda,medium,abdi angkot 5k,abdi angkot 5000,5000,5000,True,expense,,False,Transportasi,Transportasi,True,,,True,angkot,angkot,True,IDR,IDR,True,False,"{""amount"": 5000, ""type"": null, ""category"": ""Transportasi"", ""wallet"": null, ""note"": ""angkot"", ""currency"": ""IDR"", ""confidence"": 0.7}"
VX-SU-004370,test,slang_typo_noisy_sunda,medium,poé ieu aya duit asup 1000000 tina proyék freelance,poé ieu aya duit asup 1000000 tina proyék freelance,1000000,1000000,True,income,income,True,Freelance,Freelance,True,,,True,proyék freelance,freelance,True,IDR,IDR,True,True,"{""amount"": 1000000, ""type"": ""income"", ""category"": ""Freelance"", ""wallet"": null, ""note"": ""freelance"", ""currency"": ""IDR"", ""confidence"": 0.7}"
VX-SU-004380,test,slang_typo_noisy_sunda,medium,abdi dibayar dua ratus rebu tina ngalereskeun bug aplikasi,abdi dibayar 200000 tina ngalereskeun bug aplikasi,200000,200000,True,income,income,True,Freelance,Freelance,True,,,True,fix bug aplikasi,bug aplikasi,True,IDR,IDR,True,True,"{""amount"": 200000, ""type"": ""income"", ""category"": ""Freelance"", ""wallet"": null, ""note"": ""bug aplikasi"", ""currency"": ""IDR"", ""confidence"": 0.7}"
VX-SU-004390,test,slang_typo_noisy_sunda,medium,sim kuring nampi bayaran desain logo saratus rebu,sim kuring nampi bayaran desain logo 100000,100000,100000,True,income,income,True,Freelance,Freelance,True,,,True,desain logo,desain,True,IDR,IDR,True,True,"{""amount"": 100000, ""type"": ""income"", ""category"": ""Freelance"", ""wallet"": null, ""note"": ""desain"", ""currency"": ""IDR"", ""confidence"": 0.7}"
VX-SU-004400,test,slang_typo_noisy_sunda,medium,tadi ngalereskeun bug aplikasi asup 350k,tadi ngalereskeun bug aplikasi asup 350000,350000,350000,True,income,income,True,Freelance,Freelance,True,,,True,fix bug aplikasi,bug aplikasi,True,IDR,IDR,True,True,"{""amount"": 350000, ""type"": ""income"", ""category"": ""Freelance"", ""wallet"": null, ""note"": ""bug aplikasi"", ""currency"": ""IDR"", ""confidence"": 0.7}"
VX-SU-004410,test,slang_typo_noisy_sunda,medium,minggu ieu bonus damel asup 750rb,minggu ieu bonus damel asup 750000,750000,750000,True,income,income,True,Gaji,Gaji,True,,,True,bonus damel,bonus damel,True,IDR,IDR,True,True,"{""amount"": 750000, ""type"": ""income"", ""category"": ""Gaji"", ""wallet"": null, ""note"": ""bonus damel"", ""currency"": ""IDR"", ""confidence"": 0.7}"
VX-SU-004420,test,slang_typo_noisy_sunda,medium,kamari mli 100rb keur vitamin,kamari mli 100000 keur vitamin,100000,100000,True,expense,expense,True,Kesehatan,Kesehatan,True,,,True,vitamin,vitamin,True,IDR,IDR,True,True,"{""amount"": 100000, ""type"": ""expense"", ""category"": ""Kesehatan"", ""wallet"": null, ""note"": ""vitamin"", ""currency"": ""IDR"", ""confidence"": 0.7}"
VX-SU-004430,test,slang_typo_noisy_sunda,medium,minggu ieu nampi bayaran ngadamel website hiji juta lima ratus rébu,minggu ieu nampi bayaran ngadamel website 1500000,1500000,1500000,True,income,income,True,Freelance,Freelance,True,,,True,ngadamel website,website,True,IDR,IDR,True,True,"{""amount"": 1500000, ""type"": ""income"", ""category"": ""Freelance"", ""wallet"": null, ""note"": ""website"", ""currency"": ""IDR"", ""confidence"": 0.7}"
VX-SU-004440,test,slang_typo_noisy_sunda,medium,kuring bonus damel asup 250rb,kuring bonus damel asup 250000,250000,250000,True,income,income,True,Gaji,Gaji,True,,,True,bonus damel,bonus damel,True,IDR,IDR,True,True,"{""amount"": 250000, ""type"": ""income"", ""category"": ""Gaji"", ""wallet"": null, ""note"": ""bonus damel"", ""currency"": ""IDR"", ""confidence"": 0.7}"
VX-SU-004450,test,slang_typo_noisy_sunda,medium,kuring myr 25rb keur apoték,kuring myr 25000 keur apoték,25000,25000,True,expense,expense,True,Kesehatan,Kesehatan,True,,,True,apoték,apoték,True,IDR,IDR,True,True,"{""amount"": 25000, ""type"": ""expense"", ""category"": ""Kesehatan"", ""wallet"": null, ""note"": ""apoték"", ""currency"": ""IDR"", ""confidence"": 0.7}"
VX-SU-004460,test,slang_typo_noisy_sunda,medium,urang duit bulanan asup 750rb mah,urang duit bulanan asup 750000 mah,750000,750000,True,income,income,True,Gaji,Gaji,True,,,True,duit bulanan,duit bulanan,True,IDR,IDR,True,True,"{""amount"": 750000, ""type"": ""income"", ""category"": ""Gaji"", ""wallet"": null, ""note"": ""duit bulanan"", ""currency"": ""IDR"", ""confidence"": 0.7}"
VX-SU-004470,test,slang_typo_noisy_sunda,medium,kamari aya duit asup 1500000 tina proyék freelance,kamari aya duit asup 1500000 tina proyék freelance,1500000,1500000,True,income,income,True,Freelance,Freelance,True,,,True,proyék freelance,freelance,True,IDR,IDR,True,True,"{""amount"": 1500000, ""type"": ""income"", ""category"": ""Freelance"", ""wallet"": null, ""note"": ""freelance"", ""currency"": ""IDR"", ""confidence"": 0.7}"
VX-SU-004480,test,slang_typo_noisy_sunda,medium,tadi desain logo asup 100k,tadi desain logo asup 100000,100000,100000,True,income,income,True,Freelance,Freelance,True,,,True,desain logo,desain,True,IDR,IDR,True,True,"{""amount"": 100000, ""type"": ""income"", ""category"": ""Freelance"", ""wallet"": null, ""note"": ""desain"", ""currency"": ""IDR"", ""confidence"": 0.7}"
VX-SU-004490,test,slang_typo_noisy_sunda,medium,sim kuring duit bulanan asup 750rb we,sim kuring duit bulanan asup 750000 we,750000,750000,True,income,income,True,Gaji,Gaji,True,,,True,duit bulanan,duit bulanan,True,IDR,IDR,True,True,"{""amount"": 750000, ""type"": ""income"", ""category"": ""Gaji"", ""wallet"": null, ""note"": ""duit bulanan"", ""currency"": ""IDR"", ""confidence"": 0.7}"
VX-SU-004500,test,slang_typo_noisy_sunda,medium,urang mésér lima puluh rebu keur vitamin,urang mésér 50000 keur vitamin,50000,50000,True,expense,expense,True,Kesehatan,Kesehatan,True,,,True,vitamin,vitamin,True,IDR,IDR,True,True,"{""amount"": 50000, ""type"": ""expense"", ""category"": ""Kesehatan"", ""wallet"": null, ""note"": ""vitamin"", ""currency"": ""IDR"", ""confidence"": 0.7}"
VX-SU-004510,test,ambiguous_hard_case,hard,isuk tadi saldo nambahan saratus rébu ngalereskeun bug aplikasi,isuk tadi saldo nambahan 100000 ngalereskeun bug aplikasi,100000,100000,True,income,income,True,Freelance,Freelance,True,,,True,fix bug aplikasi,bug aplikasi,True,IDR,IDR,True,True,"{""amount"": 100000, ""type"": ""income"", ""category"": ""Freelance"", ""wallet"": null, ""note"": ""bug aplikasi"", ""currency"": ""IDR"", ""confidence"": 0.7}"
VX-SU-004520,test,ambiguous_hard_case,hard,duit asup 250000 proyék freelance,duit asup 250000 proyék freelance,250000,250000,True,income,income,True,Freelance,Freelance,True,,,True,proyék freelance,freelance,True,IDR,IDR,True,True,"{""amount"": 250000, ""type"": ""income"", ""category"": ""Freelance"", ""wallet"": null, ""note"": ""freelance"", ""currency"": ""IDR"", ""confidence"": 0.7}"
VX-SU-004530,test,ambiguous_hard_case,hard,abdi duit asup hiji juta bonus damel,abdi duit asup 1000000 bonus damel,1000000,1000000,True,income,income,True,Gaji,Gaji,True,,,True,bonus damel,bonus damel,True,IDR,IDR,True,True,"{""amount"": 1000000, ""type"": ""income"", ""category"": ""Gaji"", ""wallet"": null, ""note"": ""bonus damel"", ""currency"": ""IDR"", ""confidence"": 0.7}"
VX-SU-004540,test,ambiguous_hard_case,hard,tadi meunang lima ratus rébu bonus damel,tadi meunang 500000 bonus damel,500000,500000,True,income,income,True,Gaji,Gaji,True,,,True,bonus damel,bonus damel,True,IDR,IDR,True,True,"{""amount"": 500000, ""type"": ""income"", ""category"": ""Gaji"", ""wallet"": null, ""note"": ""bonus damel"", ""currency"": ""IDR"", ""confidence"": 0.7}"
VX-SU-004550,test,ambiguous_hard_case,hard,urang asup Rp250.000 tina bonus damel,urang asup 250000 tina bonus damel,250000,250000,True,income,income,True,Gaji,Gaji,True,,,True,bonus damel,bonus damel,True,IDR,IDR,True,True,"{""amount"": 250000, ""type"": ""income"", ""category"": ""Gaji"", ""wallet"": null, ""note"": ""bonus damel"", ""currency"": ""IDR"", ""confidence"": 0.7}"
VX-SU-004560,test,ambiguous_hard_case,hard,kuring saldo nambahan 250000 bonus damel,kuring saldo nambahan 250000 bonus damel,250000,250000,True,income,income,True,Gaji,Gaji,True,,,True,bonus damel,bonus damel,True,IDR,IDR,True,True,"{""amount"": 250000, ""type"": ""income"", ""category"": ""Gaji"", ""wallet"": null, ""note"": ""bonus damel"", ""currency"": ""IDR"", ""confidence"": 0.7}"
VX-SU-004570,test,ambiguous_hard_case,hard,abdi kaluar 100rb keur karaoke,abdi kaluar 100000 keur karaoke,100000,100000,True,expense,expense,True,Hiburan,Hiburan,True,,,True,karaoke,karaoke,True,IDR,IDR,True,True,"{""amount"": 100000, ""type"": ""expense"", ""category"": ""Hiburan"", ""wallet"": null, ""note"": ""karaoke"", ""currency"": ""IDR"", ""confidence"": 0.7}"
VX-SU-004580,test,ambiguous_hard_case,hard,minggu ieu habis 15rb keur hayam géprék,minggu ieu habis 15000 keur hayam géprék,15000,15000,True,expense,expense,True,Makan & Minum,Makan & Minum,True,,,True,hayam géprék,hayam,True,IDR,IDR,True,True,"{""amount"": 15000, ""type"": ""expense"", ""category"": ""Makan & Minum"", ""wallet"": null, ""note"": ""hayam"", ""currency"": ""IDR"", ""confidence"": 0.7}"
VX-SU-004590,test,ambiguous_hard_case,hard,abdi kapaké genep puluh lima rébu jang netflix,abdi kapaké 65000 jang netflix,65000,65000,True,expense,expense,True,Hiburan,Hiburan,True,,,True,netflix,netflix,True,IDR,IDR,True,True,"{""amount"": 65000, ""type"": ""expense"", ""category"": ""Hiburan"", ""wallet"": null, ""note"": ""netflix"", ""currency"": ""IDR"", ""confidence"": 0.7}"
VX-SU-004600,test,ambiguous_hard_case,hard,tadi duit kaluar 250000 sapatu,tadi duit kaluar 250000 sapatu,250000,250000,True,expense,expense,True,Belanja,Belanja,True,,,True,sapatu,sapatu,True,IDR,IDR,True,True,"{""amount"": 250000, ""type"": ""expense"", ""category"": ""Belanja"", ""wallet"": null, ""note"": ""sapatu"", ""currency"": ""IDR"", ""confidence"": 0.7}"
VX-SU-004610,test,ambiguous_hard_case,hard,kamari meunang dua juta gajih,kamari meunang 2000000 gajih,2000000,2000000,True,income,income,True,Gaji,Gaji,True,,,True,gajih,gajih,True,IDR,IDR,True,True,"{""amount"": 2000000, ""type"": ""income"", ""category"": ""Gaji"", ""wallet"": null, ""note"": ""gajih"", ""currency"": ""IDR"", ""confidence"": 0.7}"
VX-SU-004620,test,ambiguous_hard_case,hard,abdi duit kaluar 10000 roti,abdi duit kaluar 10000 roti,10000,10000,True,expense,expense,True,Makan & Minum,Makan & Minum,True,,,True,roti,roti,True,IDR,IDR,True,True,"{""amount"": 10000, ""type"": ""expense"", ""category"": ""Makan & Minum"", ""wallet"": null, ""note"": ""roti"", ""currency"": ""IDR"", ""confidence"": 0.7}"
VX-SU-004630,test,ambiguous_hard_case,hard,kuring kaluar Rp7.000 keur és téh,kuring kaluar 7000 keur és téh,7000,7000,True,expense,expense,True,Makan & Minum,Makan & Minum,True,,,True,és téh,téh,True,IDR,IDR,True,True,"{""amount"": 7000, ""type"": ""expense"", ""category"": ""Makan & Minum"", ""wallet"": null, ""note"": ""téh"", ""currency"": ""IDR"", ""confidence"": 0.7}"
VX-SU-004640,test,ambiguous_hard_case,hard,kamari kapaké Rp100.000 jang netflix,kamari kapaké 100000 jang netflix,100000,100000,True,expense,expense,True,Hiburan,Hiburan,True,,,True,netflix,netflix,True,IDR,IDR,True,True,"{""amount"": 100000, ""type"": ""expense"", ""category"": ""Hiburan"", ""wallet"": null, ""note"": ""netflix"", ""currency"": ""IDR"", ""confidence"": 0.7}"
VX-SU-004650,test,ambiguous_hard_case,hard,poé ieu habis 200000 keur baju,poé ieu habis 200000 keur baju,200000,200000,True,expense,expense,True,Belanja,Belanja,True,,,True,baju,baju,True,IDR,IDR,True,True,"{""amount"": 200000, ""type"": ""expense"", ""category"": ""Belanja"", ""wallet"": null, ""note"": ""baju"", ""currency"": ""IDR"", ""confidence"": 0.7}"
VX-SU-004660,test,ambiguous_hard_case,hard,kamari kapaké Rp25.000 jang hayam géprék,kamari kapaké 25000 jang hayam géprék,25000,25000,True,expense,expense,True,Makan & Minum,Makan & Minum,True,,,True,hayam géprék,hayam,True,IDR,IDR,True,True,"{""amount"": 25000, ""type"": ""expense"", ""category"": ""Makan & Minum"", ""wallet"": null, ""note"": ""hayam"", ""currency"": ""IDR"", ""confidence"": 0.7}"
VX-SU-004670,test,ambiguous_hard_case,hard,peuting tadi kaluar dua puluh rébu keur alat tulis,peuting tadi kaluar 20000 keur alat tulis,20000,20000,True,expense,expense,True,Belanja,Belanja,True,,,True,alat tulis,alat tulis,True,IDR,IDR,True,True,"{""amount"": 20000, ""type"": ""expense"", ""category"": ""Belanja"", ""wallet"": null, ""note"": ""alat tulis"", ""currency"": ""IDR"", ""confidence"": 0.7}"
VX-SU-004680,test,ambiguous_hard_case,hard,abdi asup 200rb tina ngalereskeun bug aplikasi,abdi asup 200000 tina ngalereskeun bug aplikasi,200000,200000,True,income,income,True,Freelance,Freelance,True,,,True,fix bug aplikasi,bug aplikasi,True,IDR,IDR,True,True,"{""amount"": 200000, ""type"": ""income"", ""category"": ""Freelance"", ""wallet"": null, ""note"": ""bug aplikasi"", ""currency"": ""IDR"", ""confidence"": 0.7}"
VX-SU-004690,test,ambiguous_hard_case,hard,tadi kaluar lima puluh rebu keur game,tadi kaluar 50000 keur game,50000,50000,True,expense,expense,True,Hiburan,Hiburan,True,,,True,game,game,True,IDR,IDR,True,True,"{""amount"": 50000, ""type"": ""expense"", ""category"": ""Hiburan"", ""wallet"": null, ""note"": ""game"", ""currency"": ""IDR"", ""confidence"": 0.7}"
VX-SU-004700,test,ambiguous_hard_case,hard,kuring asup 1000rb tina bonus damel,kuring asup 1000000 tina bonus damel,1000000,1000000,True,income,income,True,Gaji,Gaji,True,,,True,bonus damel,bonus damel,True,IDR,IDR,True,True,"{""amount"": 1000000, ""type"": ""income"", ""category"": ""Gaji"", ""wallet"": null, ""note"": ""bonus damel"", ""currency"": ""IDR"", ""confidence"": 0.7}"
VX-SU-004710,test,ambiguous_hard_case,hard,sim kuring duit kaluar 30000 cai,sim kuring duit kaluar 30000 cai,30000,30000,True,expense,expense,True,Tagihan & Utilitas,Tagihan & Utilitas,True,,,True,tagihan cai,cai,True,IDR,IDR,True,True,"{""amount"": 30000, ""type"": ""expense"", ""category"": ""Tagihan & Utilitas"", ""wallet"": null, ""note"": ""cai"", ""currency"": ""IDR"", ""confidence"": 0.7}"
VX-SU-004720,test,ambiguous_hard_case,hard,minggu ieu kaluar dua belas rebu keur seblak,minggu ieu kaluar 12000 keur seblak,12000,12000,True,expense,expense,True,Makan & Minum,Makan & Minum,True,,,True,seblak,seblak,True,IDR,IDR,True,True,"{""amount"": 12000, ""type"": ""expense"", ""category"": ""Makan & Minum"", ""wallet"": null, ""note"": ""seblak"", ""currency"": ""IDR"", ""confidence"": 0.7}"
VX-SU-004730,test,ambiguous_hard_case,hard,peuting tadi duit kaluar 150rb listrik,peuting tadi duit kaluar 150000 listrik,150000,150000,True,expense,expense,True,Tagihan & Utilitas,Tagihan & Utilitas,True,,,True,listrik,listrik,True,IDR,IDR,True,True,"{""amount"": 150000, ""type"": ""expense"", ""category"": ""Tagihan & Utilitas"", ""wallet"": null, ""note"": ""listrik"", ""currency"": ""IDR"", ""confidence"": 0.7}"
VX-SU-004740,test,ambiguous_hard_case,hard,tadi kaluar 15rb keur alat tulis,tadi kaluar 15000 keur alat tulis,15000,15000,True,expense,expense,True,Belanja,Belanja,True,,,True,alat tulis,alat tulis,True,IDR,IDR,True,True,"{""amount"": 15000, ""type"": ""expense"", ""category"": ""Belanja"", ""wallet"": null, ""note"": ""alat tulis"", ""currency"": ""IDR"", ""confidence"": 0.7}"
VX-SU-004750,test,ambiguous_hard_case,hard,isuk tadi habis 12000 keur angkot,isuk tadi habis 12000 keur angkot,12000,12000,True,expense,expense,True,Transportasi,Transportasi,True,,,True,angkot,angkot,True,IDR,IDR,True,True,"{""amount"": 12000, ""type"": ""expense"", ""category"": ""Transportasi"", ""wallet"": null, ""note"": ""angkot"", ""currency"": ""IDR"", ""confidence"": 0.7}"
VX-SU-004760,test,ambiguous_hard_case,hard,asup lima ratus rebu tina proyék freelance,asup 500000 tina proyék freelance,500000,500000,True,income,income,True,Freelance,Freelance,True,,,True,proyék freelance,freelance,True,IDR,IDR,True,True,"{""amount"": 500000, ""type"": ""income"", ""category"": ""Freelance"", ""wallet"": null, ""note"": ""freelance"", ""currency"": ""IDR"", ""confidence"": 0.7}"
VX-SU-004770,test,ambiguous_hard_case,hard,minggu ieu duit asup 500000 proyék freelance,minggu ieu duit asup 500000 proyék freelance,500000,500000,True,income,income,True,Freelance,Freelance,True,,,True,proyék freelance,freelance,True,IDR,IDR,True,True,"{""amount"": 500000, ""type"": ""income"", ""category"": ""Freelance"", ""wallet"": null, ""note"": ""freelance"", ""currency"": ""IDR"", ""confidence"": 0.7}"
VX-SU-004780,test,ambiguous_hard_case,hard,peuting tadi kaluar lima belas rebu keur masker,peuting tadi kaluar 15000 keur masker,15000,15000,True,expense,expense,True,Kesehatan,Kesehatan,True,,,True,masker,masker,True,IDR,IDR,True,True,"{""amount"": 15000, ""type"": ""expense"", ""category"": ""Kesehatan"", ""wallet"": null, ""note"": ""masker"", ""currency"": ""IDR"", ""confidence"": 0.7}"
VX-SU-004790,test,ambiguous_hard_case,hard,kamari kaluar 150rb keur dokter,kamari kaluar 150000 keur dokter,150000,150000,True,expense,expense,True,Kesehatan,Kesehatan,True,,,True,dokter,dokter,True,IDR,IDR,True,True,"{""amount"": 150000, ""type"": ""expense"", ""category"": ""Kesehatan"", ""wallet"": null, ""note"": ""dokter"", ""currency"": ""IDR"", ""confidence"": 0.7}"
VX-SU-004800,test,ambiguous_hard_case,hard,saldo nambahan lima ratus rébu duit bulanan,saldo nambahan 500000 duit bulanan,500000,500000,True,income,income,True,Gaji,Gaji,True,,,True,duit bulanan,duit bulanan,True,IDR,IDR,True,True,"{""amount"": 500000, ""type"": ""income"", ""category"": ""Gaji"", ""wallet"": null, ""note"": ""duit bulanan"", ""currency"": ""IDR"", ""confidence"": 0.7}"
VX-SU-004810,test,transfer_future_optional,hard,sim kuring kirim dua ratus rebu tina gopay ka ovo,sim kuring kirim 200000 tina GoPay ka OVO,200000,200000,True,transfer,transfer,True,Transfer,Transfer,True,GoPay,GoPay,True,transfer ka OVO,kirim,False,IDR,IDR,True,True,"{""amount"": 200000, ""type"": ""transfer"", ""category"": ""Transfer"", ""wallet"": ""GoPay"", ""note"": ""kirim"", ""currency"": ""IDR"", ""confidence"": 0.7}"
VX-SU-004820,test,transfer_future_optional,hard,urang top up cash 200000 tina bca,urang top up Cash 200000 tina BCA,200000,200000,True,transfer,transfer,True,Transfer,Transfer,True,BCA,Cash,False,transfer ka Cash,top up,False,IDR,IDR,True,False,"{""amount"": 200000, ""type"": ""transfer"", ""category"": ""Transfer"", ""wallet"": ""Cash"", ""note"": ""top up"", ""currency"": ""IDR"", ""confidence"": 0.7}"
VX-SU-004830,test,transfer_future_optional,hard,kirim 10rb tina ovo ka mandiri,kirim 10000 tina OVO ka Mandiri,10000,10000,True,transfer,transfer,True,Transfer,Transfer,True,OVO,OVO,True,transfer ka Mandiri,kirim,False,IDR,IDR,True,True,"{""amount"": 10000, ""type"": ""transfer"", ""category"": ""Transfer"", ""wallet"": ""OVO"", ""note"": ""kirim"", ""currency"": ""IDR"", ""confidence"": 0.7}"
VX-SU-004840,test,transfer_future_optional,hard,sim kuring top up cash Rp200.000 tina bca,sim kuring top up Cash 200000 tina BCA,200000,200000,True,transfer,transfer,True,Transfer,Transfer,True,BCA,Cash,False,transfer ka Cash,top up,False,IDR,IDR,True,False,"{""amount"": 200000, ""type"": ""transfer"", ""category"": ""Transfer"", ""wallet"": ""Cash"", ""note"": ""top up"", ""currency"": ""IDR"", ""confidence"": 0.7}"
VX-SU-004850,test,transfer_future_optional,hard,abdi transfer Rp500.000 tina bri ka bca,abdi transfer 500000 tina BRI ka BCA,500000,500000,True,transfer,transfer,True,Transfer,Transfer,True,BRI,BCA,False,transfer ka BCA,transfer,True,IDR,IDR,True,False,"{""amount"": 500000, ""type"": ""transfer"", ""category"": ""Transfer"", ""wallet"": ""BCA"", ""note"": ""transfer"", ""currency"": ""IDR"", ""confidence"": 0.7}"
VX-SU-004860,test,transfer_future_optional,hard,sim kuring transfer Rp500.000 tina mandiri ka gopay,sim kuring transfer 500000 tina Mandiri ka GoPay,500000,500000,True,transfer,transfer,True,Transfer,Transfer,True,Mandiri,GoPay,False,transfer ka GoPay,transfer,True,IDR,IDR,True,False,"{""amount"": 500000, ""type"": ""transfer"", ""category"": ""Transfer"", ""wallet"": ""GoPay"", ""note"": ""transfer"", ""currency"": ""IDR"", ""confidence"": 0.7}"
VX-SU-004870,test,transfer_future_optional,hard,kamari top up cash 100rb tina gopay,kamari top up Cash 100000 tina GoPay,100000,100000,True,transfer,transfer,True,Transfer,Transfer,True,GoPay,Cash,False,transfer ka Cash,top up,False,IDR,IDR,True,False,"{""amount"": 100000, ""type"": ""transfer"", ""category"": ""Transfer"", ""wallet"": ""Cash"", ""note"": ""top up"", ""currency"": ""IDR"", ""confidence"": 0.7}"
VX-SU-004880,test,transfer_future_optional,hard,kamari kirim 10000 tina bri ka ovo,kamari kirim 10000 tina BRI ka OVO,10000,10000,True,transfer,transfer,True,Transfer,Transfer,True,BRI,OVO,False,transfer ka OVO,kirim,False,IDR,IDR,True,False,"{""amount"": 10000, ""type"": ""transfer"", ""category"": ""Transfer"", ""wallet"": ""OVO"", ""note"": ""kirim"", ""currency"": ""IDR"", ""confidence"": 0.7}"
VX-SU-004890,test,transfer_future_optional,hard,tadi kirim 500rb tina cash ka bca,tadi kirim 500000 tina Cash ka BCA,500000,500000,True,transfer,transfer,True,Transfer,Transfer,True,Cash,Cash,True,transfer ka BCA,kirim,False,IDR,IDR,True,True,"{""amount"": 500000, ""type"": ""transfer"", ""category"": ""Transfer"", ""wallet"": ""Cash"", ""note"": ""kirim"", ""currency"": ""IDR"", ""confidence"": 0.7}"
VX-SU-004900,test,transfer_future_optional,hard,peuting tadi top up gopay 10000 tina dana,peuting tadi top up GoPay 10000 tina Dana,10000,10000,True,transfer,transfer,True,Transfer,Transfer,True,Dana,GoPay,False,transfer ka GoPay,top up,False,IDR,IDR,True,False,"{""amount"": 10000, ""type"": ""transfer"", ""category"": ""Transfer"", ""wallet"": ""GoPay"", ""note"": ""top up"", ""currency"": ""IDR"", ""confidence"": 0.7}"
VX-SU-004910,test,transfer_future_optional,hard,kirim saratus lima puluh rebu tina bca ka mandiri,kirim 150000 tina BCA ka Mandiri,150000,150000,True,transfer,transfer,True,Transfer,Transfer,True,BCA,BCA,True,transfer ka Mandiri,kirim,False,IDR,IDR,True,True,"{""amount"": 150000, ""type"": ""transfer"", ""category"": ""Transfer"", ""wallet"": ""BCA"", ""note"": ""kirim"", ""currency"": ""IDR"", ""confidence"": 0.7}"
VX-SU-004920,test,transfer_future_optional,hard,kuring top up cash saratus lima puluh rebu tina bri,kuring top up Cash 150000 tina BRI,150000,150000,True,transfer,transfer,True,Transfer,Transfer,True,BRI,Cash,False,transfer ka Cash,top up,False,IDR,IDR,True,False,"{""amount"": 150000, ""type"": ""transfer"", ""category"": ""Transfer"", ""wallet"": ""Cash"", ""note"": ""top up"", ""currency"": ""IDR"", ""confidence"": 0.7}"
VX-SU-004930,test,transfer_future_optional,hard,tadi transfer 75rb tina ovo ka shopeepay,tadi transfer 75000 tina OVO ka ShopeePay,75000,75000,True,transfer,transfer,True,Transfer,Transfer,True,OVO,OVO,True,transfer ka ShopeePay,transfer,True,IDR,IDR,True,True,"{""amount"": 75000, ""type"": ""transfer"", ""category"": ""Transfer"", ""wallet"": ""OVO"", ""note"": ""transfer"", ""currency"": ""IDR"", ""confidence"": 0.7}"
VX-SU-004940,test,transfer_future_optional,hard,kuring top up gopay 1000000 tina bri,kuring top up GoPay 1000000 tina BRI,1000000,1000000,True,transfer,transfer,True,Transfer,Transfer,True,BRI,GoPay,False,transfer ka GoPay,top up,False,IDR,IDR,True,False,"{""amount"": 1000000, ""type"": ""transfer"", ""category"": ""Transfer"", ""wallet"": ""GoPay"", ""note"": ""top up"", ""currency"": ""IDR"", ""confidence"": 0.7}"
VX-SU-004950,test,transfer_future_optional,hard,abdi kirim 150rb tina gopay ka ovo,abdi kirim 150000 tina GoPay ka OVO,150000,150000,True,transfer,transfer,True,Transfer,Transfer,True,GoPay,GoPay,True,transfer ka OVO,kirim,False,IDR,IDR,True,True,"{""amount"": 150000, ""type"": ""transfer"", ""category"": ""Transfer"", ""wallet"": ""GoPay"", ""note"": ""kirim"", ""currency"": ""IDR"", ""confidence"": 0.7}"
VX-SU-004960,test,transfer_future_optional,hard,abdi top up mandiri 150rb tina gopay,abdi top up Mandiri 150000 tina GoPay,150000,150000,True,transfer,transfer,True,Transfer,Transfer,True,GoPay,GoPay,True,transfer ka Mandiri,top up,False,IDR,IDR,True,True,"{""amount"": 150000, ""type"": ""transfer"", ""category"": ""Transfer"", ""wallet"": ""GoPay"", ""note"": ""top up"", ""currency"": ""IDR"", ""confidence"": 0.7}"
VX-SU-004970,test,transfer_future_optional,hard,minggu ieu top up gopay saratus rébu tina bri,minggu ieu top up GoPay 100000 tina BRI,100000,100000,True,transfer,transfer,True,Transfer,Transfer,True,BRI,GoPay,False,transfer ka GoPay,top up,False,IDR,IDR,True,False,"{""amount"": 100000, ""type"": ""transfer"", ""category"": ""Transfer"", ""wallet"": ""GoPay"", ""note"": ""top up"", ""currency"": ""IDR"", ""confidence"": 0.7}"
VX-SU-004980,test,transfer_future_optional,hard,transfer Rp500.000 tina dana ka cash,transfer 500000 tina Dana ka Cash,500000,500000,True,transfer,transfer,True,Transfer,Transfer,True,Dana,Cash,False,transfer ka Cash,transfer,True,IDR,IDR,True,False,"{""amount"": 500000, ""type"": ""transfer"", ""category"": ""Transfer"", ""wallet"": ""Cash"", ""note"": ""transfer"", ""currency"": ""IDR"", ""confidence"": 0.7}"
VX-SU-004990,test,transfer_future_optional,hard,kuring mindahkeun saldo Rp500.000 tina mandiri ka ovo,kuring mindahkeun saldo 500000 tina Mandiri ka OVO,500000,500000,True,transfer,transfer,True,Transfer,Transfer,True,Mandiri,OVO,False,transfer ka OVO,mindahkeun,False,IDR,IDR,True,False,"{""amount"": 500000, ""type"": ""transfer"", ""category"": ""Transfer"", ""wallet"": ""OVO"", ""note"": ""mindahkeun"", ""currency"": ""IDR"", ""confidence"": 0.7}"
VX-SU-005000,test,transfer_future_optional,hard,poé ieu kirim dua ratus rébu tina gopay ka cash,poé ieu kirim 200000 tina GoPay ka Cash,200000,200000,True,transfer,transfer,True,Transfer,Transfer,True,GoPay,Cash,False,transfer ka Cash,kirim,False,IDR,IDR,True,False,"{""amount"": 200000, ""type"": ""transfer"", ""category"": ""Transfer"", ""wallet"": ""Cash"", ""note"": ""kirim"", ""currency"": ""IDR"", ""confidence"": 0.7}"
